writing to /var/www/html/scratchpad/bench/results

=== repetition 1/3 ===
  bench_1_reference        small r1  completed   [warning] Removed disallowed AI output URL: https [warning] Removed disallowed AI output URL: https://www.drupal.org/sites/all/themes/bluecheese/images/drupal_meta_image.png
 [warning] Removed disallowed AI output URL: https://www.drupal.org/about
 [warning] Removed disallowed AI output URL: https://www.drupal.org/node/2603760
 [warning] Removed disallowed AI output URL: https://www.drupal.org/about
 [warning] Removed disallowed AI output URL: https://www.drupal.org/terms
 [warning] Removed disallowed AI output URL: https://www.drupal.org/about/overview/technical
 [warning] Removed disallowed AI output URL: https://www.drupal.org/about/overview/technical
 [warning] Removed disallowed AI output URL: https://new.drupal.org/drupal-cms
 [warning] Removed disallowed AI output URL: https://new.drupal.org/ai
 [warning] Removed disallowed AI output URL: https://www.drupal.org/case-studies
 [warning] Removed disallowed AI output URL: https://www.drupal.org/industries/government
 [warning] Removed disallowed AI output URL: https://www.drupal.org/industries/education
 [warning] Removed disallowed AI output URL: https://www.drupal.org/industries/nonprofit
 [warning] Removed disallowed AI output URL: https://www.drupal.org/industries/ecommerce
 [warning] Removed disallowed AI output URL: https://www.drupal.org/industries/fintech
 [warning] Removed disallowed AI output URL: https://www.drupal.org/industries/healthcare
 [warning] Removed disallowed AI output URL: https://new.drupal.org/industries/enterprise
 [warning] Removed disallowed AI output URL: https://new.drupal.org/industries/retail
 [warning] Removed disallowed AI output URL: https://new.drupal.org/industries/travel
 [warning] Removed disallowed AI output URL: https://www.drupal.org/docs/official_docs/local-development-guide
 [warning] Removed disallowed AI output URL: https://www.drupal.org/docs/getting-started
 [warning] Removed disallowed AI output URL: https://www.drupal.org/docs/official_docs/local-development-guide
 [warning] Removed disallowed AI output URL: https://www.drupal.org/developers
 [warning] Removed disallowed AI output URL: https://new.drupal.org/docs/drupal-cms
 [warning] Removed disallowed AI output URL: https://www.drupal.org/docs/user_guide/en/index.html
 [warning] Removed disallowed AI output URL: https://api.drupal.org/api/drupal/11.x
 [warning] Removed disallowed AI output URL: https://www.drupal.org/project/modules
 [warning] Removed disallowed AI output URL: https://www.drupal.org/project/themes
 [warning] Removed disallowed AI output URL: https://www.drupal.org/browse/recipes
 [warning] Removed disallowed AI output URL: https://new.drupal.org/browse/site-templates
 [warning] Removed disallowed AI output URL: https://www.drupal.org/drupal-services
 [warning] Removed disallowed AI output URL: https://www.drupal.org/drupal-services
 [warning] Removed disallowed AI output URL: https://new.drupal.org/association/become-a-drupal-certified-partner
 [warning] Removed disallowed AI output URL: https://www.drupal.org/hosting
 [warning] Removed disallowed AI output URL: https://www.drupal.org/about/drupal-7/d7eol/migration-resource-center/enterprise
 [warning] Removed disallowed AI output URL: https://www.drupal.org/training
 [warning] Removed disallowed AI output URL: https://www.drupal.org/steward
 [warning] Removed disallowed AI output URL: https://www.drupal.org/community
 [warning] Removed disallowed AI output URL: https://www.drupal.org/community
 [warning] Removed disallowed AI output URL: https://www.drupal.org/community/contributor-guide
 [warning] Removed disallowed AI output URL: https://events.drupal.org/
 [warning] Removed disallowed AI output URL: https://www.drupal.org/community/events
 [warning] Removed disallowed AI output URL: https://jobs.drupal.org/home
 [warning] Removed disallowed AI output URL: https://www.drupal.org/blog
 [warning] Removed disallowed AI output URL: https://www.drupal.org/forum
 [warning] Removed disallowed AI output URL: https://www.drupal.org/subscribe
 [warning] Removed disallowed AI output URL: https://www.drupal.org/swag
 [warning] Removed disallowed AI output URL: https://www.drupal.org/sustaining-members 
 [warning] Removed disallowed AI output URL: https://www.drupal.org/swag?utm_source=drupalorg&utm_medium=banner&utm_campaign=drupal_swag_shop_2020_09_17
 [warning] Removed disallowed AI output URL: https://new.drupal.org/drupal-cms/trial
 [warning] Removed disallowed AI output URL: https://www.drupal.org/sites/all/themes/bluecheese/images/icon-w-user.svg
 [warning] Removed disallowed AI output URL: https://www.drupal.org/sites/all/modules/drupalorg/drupalorg/images/drupal-wordmark-062025.svg
 [warning] Removed disallowed AI output URL: https://www.drupal.org/files/styles/grid-2-2x-square/public/announcements/da-icon.png?itok=Uj8MTnv2
 [warning] Removed disallowed AI output URL: https://forms.gle/BBiuni3o1KgUN9pMA
 [warning] Removed disallowed AI output URL: https://www.drupal.org/about/11
 [warning] Removed disallowed AI output URL: http://www.gnu.org/copyleft/gpl.html
 [warning] Removed disallowed AI output URL: https://twitter.com/intent/tweet?text=Drupal's%20the%20content%20management%20system%20behind%20many%20of%20the%20digital%20experiences%20you%20love.%20And%20it%20will%20always%20be%20free.%20https://www.drupal.org/about
 [warning] Removed disallowed AI output URL: https://twitter.com/intent/tweet?text=Drupal's%20the%20content%20management%20system%20behind%20many%20of%20the%20digital%20experiences%20you%20love.%20And%20it%20will%20always%20be%20free.%20https://www.drupal.org/about
 [warning] Removed disallowed AI output URL: https://digital.gov/resources/content-management-systems-used-by-government-agencies/
 [warning] Removed disallowed AI output URL: https://www.london.gov.uk/
 [warning] Removed disallowed AI output URL: http://www.gouvernement.fr/
 [warning] Removed disallowed AI output URL: http://www.bbc.com/
 [warning] Removed disallowed AI output URL: http://www.nbc.com/
 [warning] Removed disallowed AI output URL: http://www.mtv.co.uk/
 [warning] Removed disallowed AI output URL: http://www.amnesty.org/
 [warning] Removed disallowed AI output URL: http://www.ox.ac.uk/
 [warning] Removed disallowed AI output URL: https://www.drupal.org/case-studies
 [warning] Removed disallowed AI output URL: http://localize.drupal.org/
 [warning] Removed disallowed AI output URL: https://jobs.drupal.org/
 [warning] Removed disallowed AI output URL: https://www.tag1.com/?utm_source=DA&utm_medium=referral&utm_campaign=drupal-org-footer
 [warning] Removed disallowed AI output URL: https://www.drupal.org/news
 [warning] Removed disallowed AI output URL: https://www.drupal.org/planet
 [warning] Removed disallowed AI output URL: https://www.drupal.org/about/media-kit/social-media
 [warning] Removed disallowed AI output URL: https://www.drupal.org/subscribe
 [warning] Removed disallowed AI output URL: https://www.drupal.org/security
 [warning] Removed disallowed AI output URL: https://jobs.drupal.org/
 [warning] Removed disallowed AI output URL: https://www.drupal.org/community
 [warning] Removed disallowed AI output URL: https://www.drupal.org/drupal-services
 [warning] Removed disallowed AI output URL: https://www.drupal.org/training
 [warning] Removed disallowed AI output URL: https://www.drupal.org/hosting
 [warning] Removed disallowed AI output URL: https://www.drupal.org/community/contributor-guide
 [warning] Removed disallowed AI output URL: https://groups.drupal.org/groups
 [warning] Removed disallowed AI output URL: https://events.drupal.org
 [warning] Removed disallowed AI output URL: https://www.drupal.org/dcoc
 [warning] Removed disallowed AI output URL: https://www.drupal.org/documentation
 [warning] Removed disallowed AI output URL: https://www.drupal.org/docs
 [warning] Removed disallowed AI output URL: https://www.drupal.org/docs/user_guide/en/index.html
 [warning] Removed disallowed AI output URL: https://www.drupal.org/documentation/develop
 [warning] Removed disallowed AI output URL: https://api.drupal.org/
 [warning] Removed disallowed AI output URL: https://www.drupal.org/download
 [warning] Removed disallowed AI output URL: https://www.drupal.org/project/drupal
 [warning] Removed disallowed AI output URL: https://www.drupal.org/project/project_module
 [warning] Removed disallowed AI output URL: https://www.drupal.org/project/project_theme
 [warning] Removed disallowed AI output URL: https://www.drupal.org/project/project_distribution
 [warning] Removed disallowed AI output URL: https://www.drupal.org/about
 [warning] Removed disallowed AI output URL: https://www.drupal.org/about/features/accessibility
 [warning] Removed disallowed AI output URL: https://www.drupal.org/association
 [warning] Removed disallowed AI output URL: https://www.drupal.org/drupalorg
 [warning] Removed disallowed AI output URL: https://www.drupal.org/terms
 [warning] Removed disallowed AI output URL: https://www.drupal.org/privacy
 [warning] Removed disallowed AI output URL: https://dri.es
  bench_2_raw_html_llm     small r1  completed   257.9s   3 calls  in=32256   out=31941  $0.57588
 [warning] Removed disallowed Markdown image with URL: https://www.drupal.org/sites/all/themes/bluecheese/images/icon-w-user.svg
 [warning] Removed disallowed Markdown image with URL: https://www.drupal.org/sites/all/modules/drupalorg/drupalorg/images/drupal-wordmark-062025.svg
 [warning] Removed disallowed Markdown image with URL: https://www.drupal.org/files/styles/grid-2-2x-square/public/announcements/da-icon.png?itok=Uj8MTnv2
 [warning] Removed disallowed Markdown link with URL: https://www.drupal.org/terms
 [warning] Removed disallowed Markdown link with URL: https://www.drupal.org/about/overview/technical
 [warning] Removed disallowed Markdown link with URL: https://www.drupal.org/about/overview/technical
 [warning] Removed disallowed Markdown link with URL: https://new.drupal.org/drupal-cms
 [warning] Removed disallowed Markdown link with URL: https://new.drupal.org/ai
 [warning] Removed disallowed Markdown link with URL: https://www.drupal.org/case-studies
 [warning] Removed disallowed Markdown link with URL: https://www.drupal.org/industries/government
 [warning] Removed disallowed Markdown link with URL: https://www.drupal.org/industries/education
 [warning] Removed disallowed Markdown link with URL: https://www.drupal.org/industries/nonprofit
 [warning] Removed disallowed Markdown link with URL: https://www.drupal.org/industries/ecommerce
 [warning] Removed disallowed Markdown link with URL: https://www.drupal.org/industries/fintech
 [warning] Removed disallowed Markdown link with URL: https://www.drupal.org/industries/healthcare
 [warning] Removed disallowed Markdown link with URL: https://new.drupal.org/industries/enterprise
 [warning] Removed disallowed Markdown link with URL: https://new.drupal.org/industries/retail
 [warning] Removed disallowed Markdown link with URL: https://new.drupal.org/industries/travel
 [warning] Removed disallowed Markdown link with URL: https://www.drupal.org/docs/official_docs/local-development-guide
 [warning] Removed disallowed Markdown link with URL: https://www.drupal.org/docs/getting-started
 [warning] Removed disallowed Markdown link with URL: https://www.drupal.org/docs/official_docs/local-development-guide
 [warning] Removed disallowed Markdown link with URL: https://www.drupal.org/developers
 [warning] Removed disallowed Markdown link with URL: https://new.drupal.org/docs/drupal-cms
 [warning] Removed disallowed Markdown link with URL: https://www.drupal.org/docs/user_guide/en/index.html
 [warning] Removed disallowed Markdown link with URL: https://api.drupal.org/api/drupal/11.x
 [warning] Removed disallowed Markdown link with URL: https://www.drupal.org/project/modules
 [warning] Removed disallowed Markdown link with URL: https://www.drupal.org/project/themes
 [warning] Removed disallowed Markdown link with URL: https://www.drupal.org/browse/recipes
 [warning] Removed disallowed Markdown link with URL: https://new.drupal.org/browse/site-templates
 [warning] Removed disallowed Markdown link with URL: https://www.drupal.org/drupal-services
 [warning] Removed disallowed Markdown link with URL: https://www.drupal.org/drupal-services
 [warning] Removed disallowed Markdown link with URL: https://new.drupal.org/association/become-a-drupal-certified-partner
 [warning] Removed disallowed Markdown link with URL: https://www.drupal.org/hosting
 [warning] Removed disallowed Markdown link with URL: https://www.drupal.org/about/drupal-7/d7eol/migration-resource-center/enterprise
 [warning] Removed disallowed Markdown link with URL: https://www.drupal.org/training
 [warning] Removed disallowed Markdown link with URL: https://www.drupal.org/steward
 [warning] Removed disallowed Markdown link with URL: https://www.drupal.org/community
 [warning] Removed disallowed Markdown link with URL: https://www.drupal.org/community
 [warning] Removed disallowed Markdown link with URL: https://www.drupal.org/community/contributor-guide
 [warning] Removed disallowed Markdown link with URL: https://events.drupal.org/
 [warning] Removed disallowed Markdown link with URL: https://www.drupal.org/community/events
 [warning] Removed disallowed Markdown link with URL: https://jobs.drupal.org/home
 [warning] Removed disallowed Markdown link with URL: https://www.drupal.org/blog
 [warning] Removed disallowed Markdown link with URL: https://www.drupal.org/forum
 [warning] Removed disallowed Markdown link with URL: https://www.drupal.org/subscribe
 [warning] Removed disallowed Markdown link with URL: https://www.drupal.org/swag
 [warning] Removed disallowed Markdown link with URL: https://www.drupal.org/sustaining-members
 [warning] Removed disallowed Markdown link with URL: https://www.drupal.org/swag?utm_source=drupalorg&utm_medium=banner&utm_campaign=drupal_swag_shop_2020_09_17
 [warning] Removed disallowed Markdown link with URL: https://new.drupal.org/drupal-cms/trial
 [warning] Removed disallowed Markdown link with URL: https://forms.gle/BBiuni3o1KgUN9pMA
 [warning] Removed disallowed Markdown link with URL: https://www.drupal.org/about/11
 [warning] Removed disallowed Markdown link with URL: http://www.gnu.org/copyleft/gpl.html
 [warning] Removed disallowed Markdown link with URL: https://twitter.com/intent/tweet?text=Drupal's%20the%20content%20management%20system%20behind%20many%20of%20the%20digital%20experiences%20you%20love.%20And%20it%20will%20always%20be%20free.%20https://www.drupal.org/about
 [warning] Removed disallowed Markdown link with URL: https://twitter.com/intent/tweet?text=Drupal's%20the%20content%20management%20system%20behind%20many%20of%20the%20digital%20experiences%20you%20love.%20And%20it%20will%20always%20be%20free.%20https://www.drupal.org/about
 [warning] Removed disallowed Markdown link with URL: https://digital.gov/resources/content-management-systems-used-by-government-agencies/
 [warning] Removed disallowed Markdown link with URL: https://www.london.gov.uk/
 [warning] Removed disallowed Markdown link with URL: http://www.gouvernement.fr/
 [warning] Removed disallowed Markdown link with URL: http://www.bbc.com/
 [warning] Removed disallowed Markdown link with URL: http://www.nbc.com/
 [warning] Removed disallowed Markdown link with URL: http://www.mtv.co.uk/
 [warning] Removed disallowed Markdown link with URL: http://www.amnesty.org/
 [warning] Removed disallowed Markdown link with URL: http://www.ox.ac.uk/
 [warning] Removed disallowed Markdown link with URL: https://www.drupal.org/case-studies
 [warning] Removed disallowed Markdown link with URL: http://localize.drupal.org/
 [warning] Removed disallowed Markdown link with URL: https://jobs.drupal.org/
 [warning] Removed disallowed Markdown link with URL: https://www.drupal.org/news
 [warning] Removed disallowed Markdown link with URL: https://www.drupal.org/planet
 [warning] Removed disallowed Markdown link with URL: https://www.drupal.org/about/media-kit/social-media
 [warning] Removed disallowed Markdown link with URL: https://www.drupal.org/subscribe
 [warning] Removed disallowed Markdown link with URL: https://www.drupal.org/security
 [warning] Removed disallowed Markdown link with URL: https://jobs.drupal.org/
 [warning] Removed disallowed Markdown link with URL: https://www.drupal.org/community
 [warning] Removed disallowed Markdown link with URL: https://www.drupal.org/drupal-services
 [warning] Removed disallowed Markdown link with URL: https://www.drupal.org/training
 [warning] Removed disallowed Markdown link with URL: https://www.drupal.org/hosting
 [warning] Removed disallowed Markdown link with URL: https://www.drupal.org/community/contributor-guide
 [warning] Removed disallowed Markdown link with URL: https://groups.drupal.org/groups
 [warning] Removed disallowed Markdown link with URL: https://events.drupal.org
 [warning] Removed disallowed Markdown link with URL: https://www.drupal.org/dcoc
 [warning] Removed disallowed Markdown link with URL: https://www.drupal.org/documentation
 [warning] Removed disallowed Markdown link with URL: https://www.drupal.org/docs
 [warning] Removed disallowed Markdown link with URL: https://www.drupal.org/docs/user_guide/en/index.html
 [warning] Removed disallowed Markdown link with URL: https://www.drupal.org/documentation/develop
 [warning] Removed disallowed Markdown link with URL: https://api.drupal.org/
 [warning] Removed disallowed Markdown link with URL: https://www.drupal.org/download
 [warning] Removed disallowed Markdown link with URL: https://www.drupal.org/project/drupal
 [warning] Removed disallowed Markdown link with URL: https://www.drupal.org/project/project_module
 [warning] Removed disallowed Markdown link with URL: https://www.drupal.org/project/project_theme
 [warning] Removed disallowed Markdown link with URL: https://www.drupal.org/project/project_distribution
 [warning] Removed disallowed Markdown link with URL: https://www.drupal.org/about
 [warning] Removed disallowed Markdown link with URL: https://www.drupal.org/about/features/accessibility
 [warning] Removed disallowed Markdown link with URL: https://www.drupal.org/association
 [warning] Removed disallowed Markdown link with URL: https://www.drupal.org/drupalorg
 [warning] Removed disallowed Markdown link with URL: https://www.drupal.org/terms
 [warning] Removed disallowed Markdown link with URL: https://www.drupal.org/privacy
 [warning] Removed disallowed Markdown link with URL: https://dri.es
  bench_3_markdown_llm     small r1  completed    83.8s   4 calls  in=43114   out=15304  $0.35890
 [warning] Removed disallowed AI output URL: https://www.drupal.org/sites/all/themes/bluecheese/images/drupal_meta_image.png
 [warning] Removed disallowed AI output URL: https://www.drupal.org/about
 [warning] Removed disallowed AI output URL: https://www.drupal.org/node/2603760
 [warning] Removed disallowed AI output URL: https://www.drupal.org/about
 [warning] Removed disallowed AI output URL: https://www.drupal.org/about/overview/technical
 [warning] Removed disallowed AI output URL: https://www.drupal.org/about/overview/technical
 [warning] Removed disallowed AI output URL: https://new.drupal.org/drupal-cms
 [warning] Removed disallowed AI output URL: https://new.drupal.org/ai
 [warning] Removed disallowed AI output URL: https://www.drupal.org/case-studies
 [warning] Removed disallowed AI output URL: https://www.drupal.org/industries/government
 [warning] Removed disallowed AI output URL: https://www.drupal.org/industries/education
 [warning] Removed disallowed AI output URL: https://www.drupal.org/industries/nonprofit
 [warning] Removed disallowed AI output URL: https://www.drupal.org/industries/ecommerce
 [warning] Removed disallowed AI output URL: https://www.drupal.org/industries/fintech
 [warning] Removed disallowed AI output URL: https://www.drupal.org/industries/healthcare
 [warning] Removed disallowed AI output URL: https://new.drupal.org/industries/enterprise
 [warning] Removed disallowed AI output URL: https://new.drupal.org/industries/retail
 [warning] Removed disallowed AI output URL: https://new.drupal.org/industries/travel
 [warning] Removed disallowed AI output URL: https://www.drupal.org/docs/official_docs/local-development-guide
 [warning] Removed disallowed AI output URL: https://www.drupal.org/docs/getting-started
 [warning] Removed disallowed AI output URL: https://www.drupal.org/docs/official_docs/local-development-guide
 [warning] Removed disallowed AI output URL: https://www.drupal.org/developers
 [warning] Removed disallowed AI output URL: https://new.drupal.org/docs/drupal-cms
 [warning] Removed disallowed AI output URL: https://www.drupal.org/docs/user_guide/en/index.html
 [warning] Removed disallowed AI output URL: https://api.drupal.org/api/drupal/11.x
 [warning] Removed disallowed AI output URL: https://www.drupal.org/project/modules
 [warning] Removed disallowed AI output URL: https://www.drupal.org/project/themes
 [warning] Removed disallowed AI output URL: https://www.drupal.org/browse/recipes
 [warning] Removed disallowed AI output URL: https://new.drupal.org/browse/site-templates
 [warning] Removed disallowed AI output URL: https://www.drupal.org/drupal-services
 [warning] Removed disallowed AI output URL: https://www.drupal.org/drupal-services
 [warning] Removed disallowed AI output URL: https://new.drupal.org/association/become-a-drupal-certified-partner
 [warning] Removed disallowed AI output URL: https://www.drupal.org/hosting
 [warning] Removed disallowed AI output URL: https://www.drupal.org/about/drupal-7/d7eol/migration-resource-center/enterprise
 [warning] Removed disallowed AI output URL: https://www.drupal.org/training
 [warning] Removed disallowed AI output URL: https://www.drupal.org/steward
 [warning] Removed disallowed AI output URL: https://www.drupal.org/community
 [warning] Removed disallowed AI output URL: https://www.drupal.org/community
 [warning] Removed disallowed AI output URL: https://www.drupal.org/community/contributor-guide
 [warning] Removed disallowed AI output URL: https://events.drupal.org/
 [warning] Removed disallowed AI output URL: https://www.drupal.org/community/events
 [warning] Removed disallowed AI output URL: https://jobs.drupal.org/home
 [warning] Removed disallowed AI output URL: https://www.drupal.org/blog
 [warning] Removed disallowed AI output URL: https://www.drupal.org/forum
 [warning] Removed disallowed AI output URL: https://www.drupal.org/subscribe
 [warning] Removed disallowed AI output URL: https://www.drupal.org/swag
 [warning] Removed disallowed AI output URL: https://www.drupal.org/sustaining-members 
 [warning] Removed disallowed AI output URL: https://www.drupal.org/swag?utm_source=drupalorg&utm_medium=banner&utm_campaign=drupal_swag_shop_2020_09_17
 [warning] Removed disallowed AI output URL: https://new.drupal.org/drupal-cms/trial
 [warning] Removed disallowed AI output URL: https://www.drupal.org/sites/all/modules/drupalorg/drupalorg/images/drupal-wordmark-062025.svg
 [warning] Removed disallowed AI output URL: https://www.drupal.org/files/styles/grid-2-2x-square/public/announcements/da-icon.png?itok=Uj8MTnv2
 [warning] Removed disallowed AI output URL: https://forms.gle/BBiuni3o1KgUN9pMA
 [warning] Removed disallowed AI output URL: https://www.drupal.org/about/11
 [warning] Removed disallowed AI output URL: http://www.gnu.org/copyleft/gpl.html
 [warning] Removed disallowed AI output URL: https://twitter.com/intent/tweet?text=Drupal's%20the%20content%20management%20system%20behind%20many%20of%20the%20digital%20experiences%20you%20love.%20And%20it%20will%20always%20be%20free.%20https://www.drupal.org/about
 [warning] Removed disallowed AI output URL: https://twitter.com/intent/tweet?text=Drupal's%20the%20content%20management%20system%20behind%20many%20of%20the%20digital%20experiences%20you%20love.%20And%20it%20will%20always%20be%20free.%20https://www.drupal.org/about
 [warning] Removed disallowed AI output URL: https://digital.gov/resources/content-management-systems-used-by-government-agencies/
 [warning] Removed disallowed AI output URL: https://www.london.gov.uk/
 [warning] Removed disallowed AI output URL: http://www.gouvernement.fr/
 [warning] Removed disallowed AI output URL: http://www.bbc.com/
 [warning] Removed disallowed AI output URL: http://www.nbc.com/
 [warning] Removed disallowed AI output URL: http://www.mtv.co.uk/
 [warning] Removed disallowed AI output URL: http://www.amnesty.org/
 [warning] Removed disallowed AI output URL: http://www.ox.ac.uk/
 [warning] Removed disallowed AI output URL: https://www.drupal.org/case-studies
 [warning] Removed disallowed AI output URL: http://localize.drupal.org/
 [warning] Removed disallowed AI output URL: https://jobs.drupal.org/
 [warning] Removed disallowed AI output URL: https://www.tag1.com/?utm_source=DA&utm_medium=referral&utm_campaign=drupal-org-footer
 [warning] Removed disallowed AI output URL: https://www.drupal.org/news
 [warning] Removed disallowed AI output URL: https://www.drupal.org/planet
 [warning] Removed disallowed AI output URL: https://www.drupal.org/about/media-kit/social-media
 [warning] Removed disallowed AI output URL: https://www.drupal.org/subscribe
 [warning] Removed disallowed AI output URL: https://www.drupal.org/security
 [warning] Removed disallowed AI output URL: https://jobs.drupal.org/
 [warning] Removed disallowed AI output URL: https://www.drupal.org/community
 [warning] Removed disallowed AI output URL: https://www.drupal.org/drupal-services
 [warning] Removed disallowed AI output URL: https://www.drupal.org/training
 [warning] Removed disallowed AI output URL: https://www.drupal.org/hosting
 [warning] Removed disallowed AI output URL: https://www.drupal.org/community/contributor-guide
 [warning] Removed disallowed AI output URL: https://groups.drupal.org/groups
 [warning] Removed disallowed AI output URL: https://events.drupal.org
 [warning] Removed disallowed AI output URL: https://www.drupal.org/dcoc
 [warning] Removed disallowed AI output URL: https://www.drupal.org/documentation
 [warning] Removed disallowed AI output URL: https://www.drupal.org/docs
 [warning] Removed disallowed AI output URL: https://www.drupal.org/docs/user_guide/en/index.html
 [warning] Removed disallowed AI output URL: https://www.drupal.org/documentation/develop
 [warning] Removed disallowed AI output URL: https://api.drupal.org/
 [warning] Removed disallowed AI output URL: https://www.drupal.org/download
 [warning] Removed disallowed AI output URL: https://www.drupal.org/project/drupal
 [warning] Removed disallowed AI output URL: https://www.drupal.org/project/project_module
 [warning] Removed disallowed AI output URL: https://www.drupal.org/project/project_theme
 [warning] Removed disallowed AI output URL: https://www.drupal.org/project/project_distribution
 [warning] Removed disallowed AI output URL: https://www.drupal.org/about
 [warning] Removed disallowed AI output URL: https://www.drupal.org/about/features/accessibility
 [warning] Removed disallowed AI output URL: https://www.drupal.org/association
 [warning] Removed disallowed AI output URL: https://www.drupal.org/drupalorg
 [warning] Removed disallowed AI output URL: https://www.drupal.org/terms
 [warning] Removed disallowed AI output URL: https://www.drupal.org/privacy
 [warning] Removed disallowed AI output URL: https://dri.es
  bench_4_ai_agent_tool    small r1  completed   169.7s   7 calls  in=108782  out=17571  $0.58991
 [warning] Cross-iteration data read on pipeline 156: job 1723 (node message_assemble.1, iteration 1) is satisfied by source node conversation_buffer.4 (job 1718, iteration 0) — an OLDER iteration than the consumer. Delivery is not gated (BR-6); logged for observability only.
 [warning] Removed disallowed AI output URL: https://www.drupal.org/about/11
 [warning] Removed disallowed AI output URL: http://www.gnu.org/copyleft/gpl.html
 [warning] Removed disallowed AI output URL: https://twitter.com/intent/tweet?text=Drupal%E2%80%99s%20the%20content%20management%20system%20behind%20many%20of%20the%20digital%20experiences%20you%20love.%20And%20it%20will%20always%20be%20free.%20https://www.drupal.org/about
 [warning] Removed disallowed AI output URL: https://twitter.com/intent/tweet?text=Drupal%E2%80%99s%20the%20content%20management%20system%20behind%20many%20of%20the%20digital%20experiences%20you%20love.%20And%20it%20will%20always%20be%20free.%20https://www.drupal.org/about
 [warning] Removed disallowed AI output URL: https://digital.gov/resources/content-management-systems-used-by-government-agencies/
 [warning] Removed disallowed AI output URL: https://www.london.gov.uk/
 [warning] Removed disallowed AI output URL: http://www.gouvernement.fr/
 [warning] Removed disallowed AI output URL: http://www.bbc.com/
 [warning] Removed disallowed AI output URL: http://www.nbc.com/
 [warning] Removed disallowed AI output URL: http://www.mtv.co.uk/
 [warning] Removed disallowed AI output URL: http://www.amnesty.org/
 [warning] Removed disallowed AI output URL: http://www.ox.ac.uk/
 [warning] Removed disallowed AI output URL: https://www.drupal.org/case-studies
 [warning] Removed disallowed AI output URL: http://localize.drupal.org/
 [warning] Removed disallowed AI output URL: https://jobs.drupal.org/
 [warning] Removed disallowed AI output URL: https://www.drupal.org/news
 [warning] Removed disallowed AI output URL: https://www.drupal.org/planet
 [warning] Removed disallowed AI output URL: https://www.drupal.org/about/media-kit/social-media
 [warning] Removed disallowed AI output URL: https://www.drupal.org/subscribe
 [warning] Removed disallowed AI output URL: https://www.drupal.org/security
 [warning] Removed disallowed AI output URL: https://jobs.drupal.org/
 [warning] Removed disallowed AI output URL: https://www.drupal.org/community
 [warning] Removed disallowed AI output URL: https://www.drupal.org/drupal-services
 [warning] Removed disallowed AI output URL: https://www.drupal.org/training
 [warning] Removed disallowed AI output URL: https://www.drupal.org/hosting
 [warning] Removed disallowed AI output URL: https://www.drupal.org/community/contributor-guide
 [warning] Removed disallowed AI output URL: https://groups.drupal.org/groups
 [warning] Removed disallowed AI output URL: https://events.drupal.org
 [warning] Removed disallowed AI output URL: https://www.drupal.org/dcoc
 [warning] Removed disallowed AI output URL: https://www.drupal.org/documentation
 [warning] Removed disallowed AI output URL: https://www.drupal.org/docs
 [warning] Removed disallowed AI output URL: https://www.drupal.org/docs/user_guide/en/index.html
 [warning] Removed disallowed AI output URL: https://www.drupal.org/documentation/develop
 [warning] Removed disallowed AI output URL: https://api.drupal.org/
 [warning] Removed disallowed AI output URL: https://www.drupal.org/download
 [warning] Removed disallowed AI output URL: https://www.drupal.org/project/drupal
 [warning] Removed disallowed AI output URL: https://www.drupal.org/project/project_module
 [warning] Removed disallowed AI output URL: https://www.drupal.org/project/project_theme
 [warning] Removed disallowed AI output URL: https://www.drupal.org/project/project_distribution
 [warning] Removed disallowed AI output URL: https://www.drupal.org/about
 [warning] Removed disallowed AI output URL: https://www.drupal.org/about/features/accessibility
 [warning] Removed disallowed AI output URL: https://www.drupal.org/association
 [warning] Removed disallowed AI output URL: https://www.drupal.org/drupalorg
 [warning] Removed disallowed AI output URL: https://www.drupal.org/terms
 [warning] Removed disallowed AI output URL: https://www.drupal.org/privacy
 [warning] Removed disallowed AI output URL: https://dries.es
 [warning] Cross-iteration data read on pipeline 156: job 1736 (node message_assemble.1, iteration 2) is satisfied by source node conversation_buffer.4 (job 1718, iteration 0) — an OLDER iteration than the consumer. Delivery is not gated (BR-6); logged for observability only.
  bench_5_react_agent      small r1  completed   103.2s   5 calls  in=100278  out=9039   $0.43642
 [warning] Cross-iteration data read on pipeline 160: job 1758 (node message_assemble.1, iteration 1) is satisfied by source node conversation_buffer.4 (job 1753, iteration 0) — an OLDER iteration than the consumer. Delivery is not gated (BR-6); logged for observability only.
 [warning] Cross-iteration data read on pipeline 160: job 1767 (node message_assemble.1, iteration 2) is satisfied by source node conversation_buffer.4 (job 1753, iteration 0) — an OLDER iteration than the consumer. Delivery is not gated (BR-6); logged for observability only.
  bench_5a_react_agent_naive small r1  completed    48.6s   4 calls  in=94002   out=4903   $0.35555
  bench_1_reference        medium r1  completed     0.6s   0 calls  in=0       out=0      $0.00000
 [warning] Removed disallowed Markdown link with URL: https://cloud.ibm.com/docs/solution-tutorials?topic=solution-tutorials-lamp-stack-on-vpc
 [warning] Removed disallowed Markdown link with URL: https://www.ibm.com/topics/lamp-stack
 [warning] Removed disallowed Markdown link with URL: https://www.ibm.com/topics/containers
 [warning] Removed disallowed Markdown link with URL: https://www.ibm.com/topics/kubernetes
  bench_2_raw_html_llm     medium r1  completed    51.9s   3 calls  in=125286  out=4453   $0.44265
 [warning] Removed disallowed Markdown link with URL: https://cloud.ibm.com/docs/solution-tutorials?topic=solution-tutorials-lamp-stack-on-vpc
 [warning] Removed disallowed Markdown link with URL: https://www.ibm.com/topics/lamp-stack
 [warning] Removed disallowed Markdown link with URL: https://www.ibm.com/topics/containers
 [warning] Removed disallowed Markdown link with URL: https://www.ibm.com/topics/kubernetes
  bench_3_markdown_llm     medium r1  completed    51.9s   1 calls  in=3502    out=2098   $0.04198
 [warning] Removed disallowed AI output URL: https://cloud.ibm.com/docs/solution-tutorials?topic=solution-tutorials-lamp-stack-on-vpc
 [warning] Removed disallowed AI output URL: https://www.ibm.com/topics/lamp-stack
 [warning] Removed disallowed AI output URL: https://www.ibm.com/topics/containers
 [warning] Removed disallowed AI output URL: https://www.ibm.com/topics/kubernetes
  bench_4_ai_agent_tool    medium r1  completed   103.9s   5 calls  in=265307  out=10886  $0.95921
 [warning] Cross-iteration data read on pipeline 170: job 1843 (node message_assemble.1, iteration 1) is satisfied by source node conversation_buffer.4 (job 1838, iteration 0) — an OLDER iteration than the consumer. Delivery is not gated (BR-6); logged for observability only.
 [warning] Removed disallowed AI output URL: https://www.ibm.com/think/cloud
 [warning] Removed disallowed AI output URL: https://cloud.ibm.com/docs/solution-tutorials?topic=solution-tutorials-lamp-stack-on-vpc
 [warning] Removed disallowed AI output URL: https://www.ibm.com/topics/lamp-stack
 [warning] Removed disallowed AI output URL: https://www.ibm.com/topics/containers
 [warning] Removed disallowed AI output URL: https://www.ibm.com/topics/kubernetes
 [warning] Removed disallowed AI output URL: https://www.ibm.com/solutions/enterprise-content-management
 [warning] Removed disallowed AI output URL: https://www.ibm.com/account/reg/signup?formid=urx-45706
 [warning] Cross-iteration data read on pipeline 170: job 1870 (node message_assemble.1, iteration 2) is satisfied by source node conversation_buffer.4 (job 1838, iteration 0) — an OLDER iteration than the consumer. Delivery is not gated (BR-6); logged for observability only.
 [warning] Removed disallowed Markdown link with URL: https://cloud.ibm.com/docs/solution-tutorials?topic=solution-tutorials-lamp-stack-on-vpc
 [warning] Removed disallowed Markdown link with URL: https://www.ibm.com/topics/lamp-stack
 [warning] Removed disallowed Markdown link with URL: https://www.ibm.com/topics/containers
 [warning] Removed disallowed Markdown link with URL: https://www.ibm.com/topics/kubernetes
 [warning] Removed disallowed Markdown link with URL: https://www.ibm.com/account/reg/signup?formid=urx-52060
 [warning] Removed disallowed Markdown link with URL: https://www.ibm.com/products/cloud-pak-for-business-automation/content-services
 [warning] Removed disallowed Markdown link with URL: https://www.ibm.com/products/filenet-content-manager
 [warning] Removed disallowed Markdown link with URL: https://www.ibm.com/products/enterprise-records
 [warning] Removed disallowed Markdown link with URL: https://www.ibm.com/consulting/hybrid-by-design
 [warning] Removed disallowed Markdown link with URL: https://www.ibm.com/forms/mkt-52620
 [warning] Removed disallowed Markdown link with URL: https://www.ibm.com/products/cloud-pak-for-business-automation/content-services
 [warning] Removed disallowed Markdown link with URL: https://www.ibm.com/products/content-manager
 [warning] Removed disallowed Markdown link with URL: https://www.ibm.com/products/ecm-system-monitor
 [warning] Removed disallowed Markdown link with URL: https://www.ibm.com/solutions/enterprise-content-management
 [warning] Removed disallowed Markdown link with URL: https://www.ibm.com/account/reg/signup?formid=urx-45706
  bench_5_react_agent      medium r1  completed   164.3s   5 calls  in=281644  out=12178  $1.02760
 [warning] Cross-iteration data read on pipeline 174: job 1889 (node message_assemble.1, iteration 1) is satisfied by source node conversation_buffer.4 (job 1884, iteration 0) — an OLDER iteration than the consumer. Delivery is not gated (BR-6); logged for observability only.
 [warning] Removed disallowed AI output URL: https://cloud.ibm.com/docs/solution-tutorials?topic=solution-tutorials-lamp-stack-on-vpc
 [warning] Removed disallowed AI output URL: https://www.ibm.com/topics/lamp-stack
 [warning] Removed disallowed AI output URL: https://www.ibm.com/topics/containers
 [warning] Removed disallowed AI output URL: https://www.ibm.com/topics/kubernetes
 [warning] Cross-iteration data read on pipeline 174: job 1902 (node message_assemble.1, iteration 2) is satisfied by source node conversation_buffer.4 (job 1884, iteration 0) — an OLDER iteration than the consumer. Delivery is not gated (BR-6); logged for observability only.
  bench_5a_react_agent_naive medium r1  completed    95.2s   4 calls  in=351256  out=9642   $1.19840
  bench_1_reference        large r1  completed     1.8s   0 calls  in=0       out=0      $0.00000
 [warning] Removed disallowed Markdown link with URL: https://www.drupal.org/
  bench_2_raw_html_llm     large r1  completed   142.0s   1 calls  in=211994  out=5337   $0.71604
 [warning] Removed disallowed Markdown link with URL: //en.wikipedia.org/wiki/Wikipedia:Contact_us
 [warning] Removed disallowed Markdown link with URL: https://donate.wikimedia.org/?wmf_source=donate&wmf_medium=sidebar&wmf_campaign=en.wikipedia.org&uselang=en
 [warning] Removed disallowed Markdown link with URL: https://donate.wikimedia.org/?wmf_source=donate&wmf_medium=sidebar&wmf_campaign=en.wikipedia.org&uselang=en
 [warning] Removed disallowed Markdown link with URL: https://ar.wikipedia.org/wiki/%D8%AF%D8%B1%D9%88%D8%A8%D8%A7%D9%84
 [warning] Removed disallowed Markdown link with URL: https://az.wikipedia.org/wiki/Drupal
 [warning] Removed disallowed Markdown link with URL: https://be.wikipedia.org/wiki/Drupal
 [warning] Removed disallowed Markdown link with URL: https://bg.wikipedia.org/wiki/Drupal
 [warning] Removed disallowed Markdown link with URL: https://bn.wikipedia.org/wiki/%E0%A6%A1%E0%A7%8D%E0%A6%B0%E0%A7%81%E0%A6%AA%E0%A6%BE%E0%A6%B2
 [warning] Removed disallowed Markdown link with URL: https://bs.wikipedia.org/wiki/Drupal
 [warning] Removed disallowed Markdown link with URL: https://ca.wikipedia.org/wiki/Drupal
 [warning] Removed disallowed Markdown link with URL: https://ckb.wikipedia.org/wiki/%D8%AF%D8%B1%D9%88%D9%BE%D8%A7%D9%84
 [warning] Removed disallowed Markdown link with URL: https://cs.wikipedia.org/wiki/Drupal
 [warning] Removed disallowed Markdown link with URL: https://cv.wikipedia.org/wiki/Drupal
 [warning] Removed disallowed Markdown link with URL: https://da.wikipedia.org/wiki/Drupal
 [warning] Removed disallowed Markdown link with URL: https://de.wikipedia.org/wiki/Drupal
 [warning] Removed disallowed Markdown link with URL: https://el.wikipedia.org/wiki/Drupal
 [warning] Removed disallowed Markdown link with URL: https://eo.wikipedia.org/wiki/Drupal
 [warning] Removed disallowed Markdown link with URL: https://es.wikipedia.org/wiki/Drupal
 [warning] Removed disallowed Markdown link with URL: https://et.wikipedia.org/wiki/Drupal
 [warning] Removed disallowed Markdown link with URL: https://eu.wikipedia.org/wiki/Drupal
 [warning] Removed disallowed Markdown link with URL: https://fa.wikipedia.org/wiki/%D8%AF%D8%B1%D9%88%D9%BE%D8%A7%D9%84
 [warning] Removed disallowed Markdown link with URL: https://fi.wikipedia.org/wiki/Drupal
 [warning] Removed disallowed Markdown link with URL: https://fr.wikipedia.org/wiki/Drupal
 [warning] Removed disallowed Markdown link with URL: https://he.wikipedia.org/wiki/%D7%93%D7%A8%D7%95%D7%A4%D7%9C
 [warning] Removed disallowed Markdown link with URL: https://hi.wikipedia.org/wiki/%E0%A4%A1%E0%A5%8D%E0%A4%B0%E0%A5%81%E0%A4%AA%E0%A4%B2
 [warning] Removed disallowed Markdown link with URL: https://hu.wikipedia.org/wiki/Drupal
 [warning] Removed disallowed Markdown link with URL: https://hy.wikipedia.org/wiki/%D4%B4%D6%80%D5%B8%D6%82%D6%83%D5%A1%D5%AC
 [warning] Removed disallowed Markdown link with URL: https://id.wikipedia.org/wiki/Drupal
 [warning] Removed disallowed Markdown link with URL: https://it.wikipedia.org/wiki/Drupal
 [warning] Removed disallowed Markdown link with URL: https://ja.wikipedia.org/wiki/Drupal
 [warning] Removed disallowed Markdown link with URL: https://jv.wikipedia.org/wiki/Drupal
 [warning] Removed disallowed Markdown link with URL: https://kk.wikipedia.org/wiki/Drupal
 [warning] Removed disallowed Markdown link with URL: https://ko.wikipedia.org/wiki/%EB%93%9C%EB%A3%A8%ED%8C%94
 [warning] Removed disallowed Markdown link with URL: https://lt.wikipedia.org/wiki/Drupal
 [warning] Removed disallowed Markdown link with URL: https://lv.wikipedia.org/wiki/Drupal
 [warning] Removed disallowed Markdown link with URL: https://map-bms.wikipedia.org/wiki/Drupal
 [warning] Removed disallowed Markdown link with URL: https://mk.wikipedia.org/wiki/%D0%94%D1%80%D1%83%D0%BF%D0%B0%D0%BB
 [warning] Removed disallowed Markdown link with URL: https://ml.wikipedia.org/wiki/%E0%B4%A6%E0%B5%8D%E0%B4%B0%E0%B5%81%E0%B4%AA%E0%B4%BE%E0%B5%BD
 [warning] Removed disallowed Markdown link with URL: https://nl.wikipedia.org/wiki/Drupal
 [warning] Removed disallowed Markdown link with URL: https://no.wikipedia.org/wiki/Drupal
 [warning] Removed disallowed Markdown link with URL: https://pl.wikipedia.org/wiki/Drupal
 [warning] Removed disallowed Markdown link with URL: https://pt.wikipedia.org/wiki/Drupal
 [warning] Removed disallowed Markdown link with URL: https://ro.wikipedia.org/wiki/Drupal
 [warning] Removed disallowed Markdown link with URL: https://ru.wikipedia.org/wiki/Drupal
 [warning] Removed disallowed Markdown link with URL: https://si.wikipedia.org/wiki/%E0%B6%A9%E0%B7%98%E0%B6%B4%E0%B6%BD%E0%B7%8A
 [warning] Removed disallowed Markdown link with URL: https://simple.wikipedia.org/wiki/Drupal
 [warning] Removed disallowed Markdown link with URL: https://sk.wikipedia.org/wiki/Drupal
 [warning] Removed disallowed Markdown link with URL: https://sl.wikipedia.org/wiki/Drupal
 [warning] Removed disallowed Markdown link with URL: https://sq.wikipedia.org/wiki/Drupal
 [warning] Removed disallowed Markdown link with URL: https://sr.wikipedia.org/wiki/Drupal
 [warning] Removed disallowed Markdown link with URL: https://sv.wikipedia.org/wiki/Drupal
 [warning] Removed disallowed Markdown link with URL: https://ta.wikipedia.org/wiki/%E0%AE%9F%E0%AF%81%E0%AE%B0%E0%AF%82%E0%AE%AA%E0%AF%8D%E0%AE%AA%E0%AE%B2%E0%AF%8D
 [warning] Removed disallowed Markdown link with URL: https://te.wikipedia.org/wiki/%E0%B0%A1%E0%B1%88%E0%B0%AA%E0%B0%B2%E0%B1%8D
 [warning] Removed disallowed Markdown link with URL: https://tet.wikipedia.org/wiki/Drupal
 [warning] Removed disallowed Markdown link with URL: https://tg.wikipedia.org/wiki/%D0%94%D1%80%D1%83%D0%BF%D0%B0%D0%BB
 [warning] Removed disallowed Markdown link with URL: https://th.wikipedia.org/wiki/%E0%B8%94%E0%B8%A3%E0%B8%B9%E0%B8%9B%E0%B8%B1%E0%B8%A5
 [warning] Removed disallowed Markdown link with URL: https://tr.wikipedia.org/wiki/Drupal
 [warning] Removed disallowed Markdown link with URL: https://uk.wikipedia.org/wiki/Drupal
 [warning] Removed disallowed Markdown link with URL: https://vi.wikipedia.org/wiki/Drupal
 [warning] Removed disallowed Markdown link with URL: https://wuu.wikipedia.org/wiki/Drupal
 [warning] Removed disallowed Markdown link with URL: https://zh-yue.wikipedia.org/wiki/Drupal
 [warning] Removed disallowed Markdown link with URL: https://zh.wikipedia.org/wiki/Drupal
 [warning] Removed disallowed Markdown link with URL: https://www.wikidata.org/wiki/Special:EntityPage/Q170855#sitelinks-wikipedia
 [warning] Removed disallowed Markdown link with URL: //en.wikipedia.org/wiki/Wikipedia:File_Upload_Wizard
 [warning] Removed disallowed Markdown link with URL: https://abstract.wikipedia.org/wiki/Q170855
 [warning] Removed disallowed Markdown link with URL: https://commons.wikimedia.org/wiki/Category:Drupal
 [warning] Removed disallowed Markdown link with URL: https://en.wikiversity.org/wiki/Drupal
 [warning] Removed disallowed Markdown link with URL: https://www.wikidata.org/wiki/Special:EntityPage/Q170855
 [warning] Removed disallowed Markdown link with URL: https://en.wikipedia.org/wiki/Help:IPA/English
 [warning] Removed disallowed Markdown link with URL: https://en.wikipedia.org/wiki/Free_and_open-source
 [warning] Removed disallowed Markdown link with URL: https://en.wikipedia.org/wiki/Content_management_system
 [warning] Removed disallowed Markdown link with URL: https://en.wikipedia.org/wiki/PHP
 [warning] Removed disallowed Markdown link with URL: https://en.wikipedia.org/wiki/GNU_General_Public_License
 [warning] Removed disallowed Markdown link with URL: https://en.wikipedia.org/wiki/Front_and_back_ends
 [warning] Removed disallowed Markdown link with URL: https://en.wikipedia.org/wiki/World_Wide_Web
 [warning] Removed disallowed Markdown link with URL: https://en.wikipedia.org/wiki/Blog
 [warning] Removed disallowed Markdown link with URL: https://en.wikipedia.org/wiki/Knowledge_management
 [warning] Removed disallowed Markdown link with URL: https://en.wikipedia.org/wiki/Content_management_system
 [warning] Removed disallowed Markdown link with URL: https://en.wikipedia.org/wiki/RSS
 [warning] Removed disallowed Markdown link with URL: https://en.wikipedia.org/wiki/Internet_forum
 [warning] Removed disallowed Markdown link with URL: https://en.wikipedia.org/wiki/User-generated_content
 [warning] Removed disallowed Markdown link with URL: https://en.wikipedia.org/wiki/Web_application_framework
 [warning] Removed disallowed Markdown link with URL: https://en.wikipedia.org/wiki/Web_application_framework#Features
 [warning] Removed disallowed Markdown link with URL: https://en.wikipedia.org/wiki/Application_programming_interface
 [warning] Removed disallowed Markdown link with URL: https://en.wikipedia.org/wiki/Computing_platform
 [warning] Removed disallowed Markdown link with URL: https://en.wikipedia.org/wiki/Web_server
 [warning] Removed disallowed Markdown link with URL: https://en.wikipedia.org/wiki/Database
 [warning] Removed disallowed Markdown link with URL: https://en.wikipedia.org/wiki/Sovereign_Tech_Fund
 [warning] Removed disallowed Markdown link with URL: https://en.wikipedia.org/wiki/Digital_public_goods
 [warning] Removed disallowed Markdown link with URL: https://en.wikipedia.org/wiki/Dries_Buytaert
 [warning] Removed disallowed Markdown link with URL: https://en.wikipedia.org/wiki/Internet_forum
 [warning] Removed disallowed Markdown link with URL: https://en.wikipedia.org/wiki/University_of_Antwerp
 [warning] Removed disallowed Markdown link with URL: https://en.wikipedia.org/wiki/Ghent_University
 [warning] Removed disallowed Markdown link with URL: https://en.wikipedia.org/wiki/Dutch_language
 [warning] Removed disallowed Markdown link with URL: https://en.wikipedia.org/wiki/Open-source_software
 [warning] Removed disallowed Markdown link with URL: https://en.wikipedia.org/wiki/Howard_Dean
 [warning] Removed disallowed Markdown link with URL: https://en.wikipedia.org/wiki/Democratic_Party_(United_States
 [warning] Removed disallowed Markdown link with URL: https://en.wikipedia.org/wiki/2004_United_States_presidential_election
 [warning] Removed disallowed Markdown link with URL: https://en.wikipedia.org/wiki/Packt
 [warning] Removed disallowed Markdown link with URL: https://en.wikipedia.org/wiki/Webware_100?action=edit&redlink=1
 [warning] Removed disallowed Markdown link with URL: https://en.wikipedia.org/wiki/Code_freeze
 [warning] Removed disallowed Markdown link with URL: https://en.wikipedia.org/wiki/Symfony
 [warning] Removed disallowed Markdown link with URL: https://en.wikipedia.org/wiki/Twig_(template_engine
 [warning] Removed disallowed Markdown link with URL: https://en.wikipedia.org/wiki/Composer_(software
 [warning] Removed disallowed Markdown link with URL: https://en.wikipedia.org/wiki/Headless_content_management_system
 [warning] Removed disallowed Markdown link with URL: https://en.wikipedia.org/wiki/United_Nations
 [warning] Removed disallowed Markdown link with URL: https://en.wikipedia.org/wiki/Digital_public_goods
 [warning] Removed disallowed Markdown link with URL: https://en.wikipedia.org/wiki/Symfony
 [warning] Removed disallowed Markdown link with URL: https://en.wikipedia.org/wiki/Taxonomy_(general
 [warning] Removed disallowed Markdown link with URL: https://en.wikipedia.org/wiki/Tag_(metadata
 [warning] Removed disallowed Markdown link with URL: https://en.wikipedia.org/wiki/Dries_Buytaert
 [warning] Removed disallowed Markdown link with URL: https://en.wikipedia.org/wiki/Artificial_intelligence
 [warning] Removed disallowed Markdown link with URL: https://en.wikipedia.org/wiki/Arabic_language
 [warning] Removed disallowed Markdown link with URL: https://en.wikipedia.org/wiki/Persian_language
 [warning] Removed disallowed Markdown link with URL: https://en.wikipedia.org/wiki/Hebrew_language
 [warning] Removed disallowed Markdown link with URL: https://en.wikipedia.org/wiki/Gettext
 [warning] Removed disallowed Markdown link with URL: https://en.wikipedia.org/wiki/Internationalization_and_localization
 [warning] Removed disallowed Markdown link with URL: https://en.wikipedia.org/wiki/Drush
 [warning] Removed disallowed Markdown link with URL: https://en.wikipedia.org/wiki/PHP_Data_Objects
 [warning] Removed disallowed Markdown link with URL: https://en.wikipedia.org/wiki/Microsoft
 [warning] Removed disallowed Markdown link with URL: https://en.wikipedia.org/wiki/Microsoft_SQL_Server
 [warning] Removed disallowed Markdown link with URL: https://en.wikipedia.org/wiki/SQLite
 [warning] Removed disallowed Markdown link with URL: https://en.wikipedia.org/wiki/Internet_Information_Services
 [warning] Removed disallowed Markdown link with URL: https://en.wikipedia.org/wiki/Web_accessibility
 [warning] Removed disallowed Markdown link with URL: https://en.wikipedia.org/wiki/Authoring_Tool_Accessibility_Guidelines
 [warning] Removed disallowed Markdown link with URL: https://en.wikipedia.org/wiki/Rich_web_applications
 [warning] Removed disallowed Markdown link with URL: https://en.wikipedia.org/wiki/WAI-ARIA
 [warning] Removed disallowed Markdown link with URL: https://en.wikipedia.org/wiki/Drag_and_drop
 [warning] Removed disallowed Markdown link with URL: https://en.wikipedia.org/wiki/Modular_programming
 [warning] Removed disallowed Markdown link with URL: https://en.wikipedia.org/wiki/Hooking
 [warning] Removed disallowed Markdown link with URL: https://en.wikipedia.org/wiki/Callback_(computer_programming
 [warning] Removed disallowed Markdown link with URL: https://en.wikipedia.org/wiki/API
 [warning] Removed disallowed Markdown link with URL: https://en.wikipedia.org/wiki/WYSIWYG
 [warning] Removed disallowed Markdown link with URL: https://en.wikipedia.org/wiki/Modular_programming
 [warning] Removed disallowed Markdown link with URL: https://en.wikipedia.org/wiki/Theme_(computing
 [warning] Removed disallowed Markdown link with URL: https://en.wikipedia.org/wiki/PHP
 [warning] Removed disallowed Markdown link with URL: https://en.wikipedia.org/wiki/Twig_(template_engine
 [warning] Removed disallowed Markdown link with URL: https://en.wikipedia.org/wiki/Template_engine_(web
 [warning] Removed disallowed Markdown link with URL: https://en.wikipedia.org/wiki/HTML
 [warning] Removed disallowed Markdown link with URL: https://en.wikipedia.org/wiki/CSS
 [warning] Removed disallowed Markdown link with URL: https://en.wikipedia.org/wiki/GNU_General_Public_License
 [warning] Removed disallowed Markdown link with URL: https://en.wikipedia.org/wiki/Online_store
 [warning] Removed disallowed Markdown link with URL: https://en.wikipedia.org/wiki/Presentation_Abstraction_Control
 [warning] Removed disallowed Markdown link with URL: https://en.wikipedia.org/wiki/Hypertext_Transfer_Protocol#HTTP_GET
 [warning] Removed disallowed Markdown link with URL: https://en.wikipedia.org/wiki/POST_(HTTP
 [warning] Removed disallowed Markdown link with URL: https://en.wikipedia.org/wiki/Community
 [warning] Removed disallowed Markdown link with URL: https://en.wikipedia.org/wiki/Szeged
 [warning] Removed disallowed Markdown link with URL: https://en.wikipedia.org/wiki/Meeting
 [warning] Removed disallowed Markdown link with URL: https://en.wikipedia.org/wiki/AMD
 [warning] Removed disallowed Markdown link with URL: https://en.wikipedia.org/wiki/Columbia_University
 [warning] Removed disallowed Markdown link with URL: https://en.wikipedia.org/wiki/European_Commission
 [warning] Removed disallowed Markdown link with URL: https://en.wikipedia.org/wiki/Johnson_&_Johnson
 [warning] Removed disallowed Markdown link with URL: https://en.wikipedia.org/wiki/McGill_University
 [warning] Removed disallowed Markdown link with URL: https://en.wikipedia.org/wiki/NASA
 [warning] Removed disallowed Markdown link with URL: https://en.wikipedia.org/wiki/NBC
 [warning] Removed disallowed Markdown link with URL: https://en.wikipedia.org/wiki/Nokia
 [warning] Removed disallowed Markdown link with URL: https://en.wikipedia.org/wiki/Olympic_Games
 [warning] Removed disallowed Markdown link with URL: https://en.wikipedia.org/wiki/Oxford
 [warning] Removed disallowed Markdown link with URL: https://en.wikipedia.org/wiki/Patch_Media
 [warning] Removed disallowed Markdown link with URL: https://en.wikipedia.org/wiki/Pfizer
 [warning] Removed disallowed Markdown link with URL: https://en.wikipedia.org/wiki/Princeton_University
 [warning] Removed disallowed Markdown link with URL: https://en.wikipedia.org/wiki/Qualcomm
 [warning] Removed disallowed Markdown link with URL: https://en.wikipedia.org/wiki/Rainforest_Alliance
 [warning] Removed disallowed Markdown link with URL: https://en.wikipedia.org/wiki/Smithsonian_Institution
 [warning] Removed disallowed Markdown link with URL: https://en.wikipedia.org/wiki/Taboola
 [warning] Removed disallowed Markdown link with URL: https://en.wikipedia.org/wiki/TSMC
 [warning] Removed disallowed Markdown link with URL: https://en.wikipedia.org/wiki/UNICEF
 [warning] Removed disallowed Markdown link with URL: https://en.wikipedia.org/wiki/Universal_Music_Group
 [warning] Removed disallowed Markdown link with URL: https://en.wikipedia.org/wiki/Visa_Inc.
 [warning] Removed disallowed Markdown link with URL: https://en.wikipedia.org/wiki/We_the_People_(petitioning_system
 [warning] Removed disallowed Markdown link with URL: https://en.wikipedia.org/wiki/SQL_injection
 [warning] Removed disallowed Markdown link with URL: https://en.wikipedia.org/wiki/Backdoor_(computing
 [warning] Removed disallowed Markdown link with URL: https://en.wikipedia.org/wiki/Exploit_(computer_security
 [warning] Removed disallowed Markdown link with URL: https://en.wikipedia.org/wiki/Portal:Free_and_open-source_software
 [warning] Removed disallowed Markdown link with URL: https://en.wikipedia.org/wiki/Backdrop_CMS
 [warning] Removed disallowed Markdown link with URL: https://en.wikipedia.org/wiki/List_of_content_management_systems
 [warning] Removed disallowed Markdown link with URL: https://api.drupal.org/api/drupal/core%21CHANGELOG.txt/8.0.x
 [warning] Removed disallowed Markdown link with URL: https://www.drupal.org/project/drupal/releases/11.4.1
 [warning] Removed disallowed Markdown link with URL: http://drupal.org/licensing/faq
 [warning] Removed disallowed Markdown link with URL: https://drupal.org/node/394746
 [warning] Removed disallowed Markdown link with URL: http://drupal.org/node/265726
 [warning] Removed disallowed Markdown link with URL: http://drupal.org/requirements
 [warning] Removed disallowed Markdown link with URL: https://trends.builtwith.com/shop/open-source/traffic/Top-10k
 [warning] Removed disallowed Markdown link with URL: https://w3techs.com/technologies/overview/content_management
 [warning] Removed disallowed Markdown link with URL: https://archive.org/details/Css3TheFutureIsNow
 [warning] Removed disallowed Markdown link with URL: https://drupal.org/node/7888
 [warning] Removed disallowed Markdown link with URL: https://www.drupal.org/about/media-kit/drupal-9
 [warning] Removed disallowed Markdown link with URL: https://www.drupal.org/getting-involved
 [warning] Removed disallowed Markdown link with URL: https://www.drupal.org/node/2110205
 [warning] Removed disallowed Markdown link with URL: https://www.drupal.org/developers
 [warning] Removed disallowed Markdown link with URL: https://www.drupal.org/project/project_module
 [warning] Removed disallowed Markdown link with URL: https://www.drupal.org/project/project_theme
 [warning] Removed disallowed Markdown link with URL: https://www.drupal.org/project/project_distribution
 [warning] Removed disallowed Markdown link with URL: http://munich2012.drupal.org/program/sessions/drupal-7-enterprise-web-application-framework.html
 [warning] Removed disallowed Markdown link with URL: http://radar.oreilly.com/2014/08/the-drupal-api-turns-a-cms-into-a-true-enterprise-application.html
 [warning] Removed disallowed Markdown link with URL: https://www.linuxjournal.com/content/drupal-framework-why-everyone-needs-understand
 [warning] Removed disallowed Markdown link with URL: http://drupal.org/features
 [warning] Removed disallowed Markdown link with URL: https://www.sovereign.tech/tech/drupal
 [warning] Removed disallowed Markdown link with URL: https://www.thedroptimes.com/36766/drupal-association-receives-300000-sovereign-tech-fund-contract
 [warning] Removed disallowed Markdown link with URL: https://www.thedroptimes.com/29997/drupal-now-digital-public-good
 [warning] Removed disallowed Markdown link with URL: https://drupalhistory.org
 [warning] Removed disallowed Markdown link with URL: https://www.drupal.org/project/drupal/releases/10.6.2
 [warning] Removed disallowed Markdown link with URL: https://www.drupal.org/project/drupal/releases?version=7
 [warning] Removed disallowed Markdown link with URL: https://www.drupal.org/project/drupal/releases?version=9
 [warning] Removed disallowed Markdown link with URL: https://www.drupal.org/project/drupal/releases?version=8
 [warning] Removed disallowed Markdown link with URL: https://www.drupal.org/project/drupal/releases?version=6
 [warning] Removed disallowed Markdown link with URL: https://www.drupal.org/project/drupal/releases?version=5
 [warning] Removed disallowed Markdown link with URL: https://www.drupal.org/project/drupal/releases?version=4
 [warning] Removed disallowed Markdown link with URL: https://git.drupalcode.org/project/drupal/-/tree/3.0.0
 [warning] Removed disallowed Markdown link with URL: https://git.drupalcode.org/project/drupal/-/tree/2.0
 [warning] Removed disallowed Markdown link with URL: https://git.drupalcode.org/project/drupal/-/tree/1.0
 [warning] Removed disallowed Markdown link with URL: https://techcrunch.com/2021/01/22/drupals-journey-from-dorm-room-project-to-billion-dollar-exit/
 [warning] Removed disallowed Markdown link with URL: https://www.growthbusiness.co.uk/dorm-room-to-boardroom-2098958/
 [warning] Removed disallowed Markdown link with URL: https://web.archive.org/web/20090413040840/http://translation.babylon.com/Dutch/to-English/druppel
 [warning] Removed disallowed Markdown link with URL: http://drupal.org/node/769
 [warning] Removed disallowed Markdown link with URL: https://web.archive.org/web/20060517024656/http://www.oreillynet.com/onlamp/blog/2006/05/digital_politics_an_interview.html
 [warning] Removed disallowed Markdown link with URL: http://culturedigitally.org/2012/03/dean-romney-and-drupal-values-and-technological-adoption
 [warning] Removed disallowed Markdown link with URL: https://www.nytimes.com/2003/12/07/magazine/the-dean-connection.html
 [warning] Removed disallowed Markdown link with URL: http://drupal.org/drupal-services/all
 [warning] Removed disallowed Markdown link with URL: http://groups.drupal.org/node/1980
 [warning] Removed disallowed Markdown link with URL: http://buytaert.net/drupal-download-statistics-2008
 [warning] Removed disallowed Markdown link with URL: http://buytaert.net/drupal-download-statistics-2007
 [warning] Removed disallowed Markdown link with URL: https://drupal.org/project/usage/drupal
 [warning] Removed disallowed Markdown link with URL: http://buytaert.net/tag/drupal-sites?page=27
 [warning] Removed disallowed Markdown link with URL: https://web.archive.org/web/20091224162949/http://engineindustries.com/blog/jason/list-nonprofit-npo-ngo-websites-using-drupal
 [warning] Removed disallowed Markdown link with URL: https://cmscritic.com/empowering-higher-ed-4-strategies-to-transform-your-drupal-cms-into-an-open-source-dxp-at-scale
 [warning] Removed disallowed Markdown link with URL: https://web.archive.org/web/20090707094004/http://www.packtpub.com/open-source-cms-award-previous-winners
 [warning] Removed disallowed Markdown link with URL: http://drupal.org/Drupal-2009-webware-100-winner
 [warning] Removed disallowed Markdown link with URL: https://news.cnet.com/8301-13546_109-10237630-29.html?tag=mncol
 [warning] Removed disallowed Markdown link with URL: https://www.drupal.org/forum/general/news-and-announcements/2008-02-13/drupal-60-released
 [warning] Removed disallowed Markdown link with URL: http://buytaert.net/drupal-7-code-freeze-september-1st
 [warning] Removed disallowed Markdown link with URL: http://buytaert.net/drupal-7-to-be-released-on-january-5th-with-one-ginormous-party
 [warning] Removed disallowed Markdown link with URL: http://www.scoop.co.nz/stories/SC1012/S00048/xplain-hosting-drupal-7-quickstart-training-seminar.htm
 [warning] Removed disallowed Markdown link with URL: https://www.drupal.org/psa-2022-02-23
 [warning] Removed disallowed Markdown link with URL: https://www.drupal.org/psa-2023-06-07
 [warning] Removed disallowed Markdown link with URL: https://opensource.com/article/20/2/drupal-8-promises
 [warning] Removed disallowed Markdown link with URL: https://www.drupal.org/blog/drupal-800-released
 [warning] Removed disallowed Markdown link with URL: https://www.drupal.org/blog/drupal-9-released
 [warning] Removed disallowed Markdown link with URL: https://www.drupal.org/docs/getting-started/understanding-drupal/how-drupal-9-was-made-and-what-is-included
 [warning] Removed disallowed Markdown link with URL: https://www.techtarget.com/searchcontentmanagement/news/252526460/Acquia-releases-open-source-headless-CMS-accelerator
 [warning] Removed disallowed Markdown link with URL: https://thenewstack.io/how-drupal-fits-into-an-increasingly-headless-cms-world/
 [warning] Removed disallowed Markdown link with URL: https://web.archive.org/web/20250122115304/https://www.drupal.org/association/blog/drupal-officially-achieves-recognition-as-a-digital-public-good
 [warning] Removed disallowed Markdown link with URL: http://drupal.org/node/144376
 [warning] Removed disallowed Markdown link with URL: https://www.drupal.org/docs/core-modules-and-themes
 [warning] Removed disallowed Markdown link with URL: https://www.lnwebworks.com/Insight/5-modules-to-integrate-ecommerce-with-drupal-website
 [warning] Removed disallowed Markdown link with URL: https://www.drupal.org/docs/multisite-drupal
 [warning] Removed disallowed Markdown link with URL: http://drupal.org/node/91964
 [warning] Removed disallowed Markdown link with URL: http://drupal.org/handbook/modules/color
 [warning] Removed disallowed Markdown link with URL: https://statescoop.com/drupal-starshot-state-government-2024/
 [warning] Removed disallowed Markdown link with URL: https://www.techzine.eu/news/applications/127906/drupal-launches-no-code-cms/
 [warning] Removed disallowed Markdown link with URL: https://www.thedroptimes.com/42308/why-it-drupal-cms-and-not-drupal-explainer
 [warning] Removed disallowed Markdown link with URL: https://www.thedroptimes.com/interview/45813/drupal-power-flexibility-freedom-and-now-smarter-with-ai
 [warning] Removed disallowed Markdown link with URL: https://www.thedroptimes.com/events/40731/recipes-starshot-and-future-drupal
 [warning] Removed disallowed Markdown link with URL: https://localize.drupal.org/translate/downloads
 [warning] Removed disallowed Markdown link with URL: https://www.datasciencecentral.com/reasons-why-you-need-to-integrate-your-drupal-hosting-with-cloudways/
 [warning] Removed disallowed Markdown link with URL: http://drupal.org/drupal-6.0
 [warning] Removed disallowed Markdown link with URL: https://www.drupal.org/SA-CORE-2014-005
 [warning] Removed disallowed Markdown link with URL: https://www.drupal.org/PSA-2014-003
 [warning] Removed disallowed Markdown link with URL: http://groups.drupal.org/drupal-windows
 [warning] Removed disallowed Markdown link with URL: http://drupal.org/about/accessibility
 [warning] Removed disallowed Markdown link with URL: https://www.drupal.org/docs/8/accessibility/drupal-8-accessibility-features
 [warning] Removed disallowed Markdown link with URL: http://drupal.org/core-gates#accessibility
 [warning] Removed disallowed Markdown link with URL: http://api.drupal.org/
 [warning] Removed disallowed Markdown link with URL: http://drupal.org/node/22283
 [warning] Removed disallowed Markdown link with URL: https://www.specbee.com/blogs/symphony2-components-drupal-8-integration-every-drupaler-must-know-about
 [warning] Removed disallowed Markdown link with URL: https://www.srijan.net/solutions/drupal-camunda-bpm-integration
 [warning] Removed disallowed Markdown link with URL: https://drupal.org/project/usage
 [warning] Removed disallowed Markdown link with URL: https://web.archive.org/web/20170704050410/http://www.psdtodrupaldeveloper.com/blog/why-upgrade-from-drupal-5-to-drupal-7
 [warning] Removed disallowed Markdown link with URL: http://drupal.org/node/361849
 [warning] Removed disallowed Markdown link with URL: https://www.drupal.org/community-initiatives/drupal-core/vdc-roadmap
 [warning] Removed disallowed Markdown link with URL: https://web.archive.org/web/20090308030334/http://drupal.org/phptemplate
 [warning] Removed disallowed Markdown link with URL: https://web.archive.org/web/20090316205154/http://drupal.org/node/6493
 [warning] Removed disallowed Markdown link with URL: https://www.securityweek.com/drupal-updates-patch-vulnerability-twig-template-engine
 [warning] Removed disallowed Markdown link with URL: http://drupal.org/node/15689#comment-25704
 [warning] Removed disallowed Markdown link with URL: https://web.archive.org/web/20070823232913/http://drupal.org/project/Themes
 [warning] Removed disallowed Markdown link with URL: http://drupal.org/node/14208
 [warning] Removed disallowed Markdown link with URL: https://web.archive.org/web/20140413154924/http://www.aglobalway.com/content/top-drupal-distributions
 [warning] Removed disallowed Markdown link with URL: http://www.garfieldtech.com/blog/mvc-vs-pac
 [warning] Removed disallowed Markdown link with URL: http://groups.drupal.org/node/17870
 [warning] Removed disallowed Markdown link with URL: http://buildamodule.com/drupal-camps-calendar
 [warning] Removed disallowed Markdown link with URL: http://drupal.org/language-specific-communities
 [warning] Removed disallowed Markdown link with URL: https://talkingdrupal.com/384
 [warning] Removed disallowed Markdown link with URL: https://www.zyxware.com/article/16-organization-websites-built-using-drupal-in-2022
 [warning] Removed disallowed Markdown link with URL: https://www.searchenginejournal.com/drupal-warns-of-two-critical-vulnerabilities/446913/
 [warning] Removed disallowed Markdown link with URL: https://www.earthdata.nasa.gov/esds/competitive-programs/access/drupal-central
 [warning] Removed disallowed Markdown link with URL: https://www.techtarget.com/searchcustomerexperience/news/252498311/Acquia-digital-experience-platform-adds-CX-friendly-tools
 [warning] Removed disallowed Markdown link with URL: https://www.computable.be/artikel/nieuws/management/7423245/5440850/tobania-trekt-cm-binnen-met-dries-buytaert.html
 [warning] Removed disallowed Markdown link with URL: https://smartbees.co/blog/who-uses-drupal-10-famous-drupal-websites
 [warning] Removed disallowed Markdown link with URL: https://makeawebsitehub.com/compare/content-management-system-cms-comparison/
 [warning] Removed disallowed Markdown link with URL: https://drupal.org/security-team
 [warning] Removed disallowed Markdown link with URL: https://drupal.org/security-team/report-issue
 [warning] Removed disallowed Markdown link with URL: http://drupal.org/documentation/modules/update
 [warning] Removed disallowed Markdown link with URL: http://drupal.org/security
 [warning] Removed disallowed Markdown link with URL: http://drupal.org/security-team
 [warning] Removed disallowed Markdown link with URL: http://drupal.org/security/rss.xml
 [warning] Removed disallowed Markdown link with URL: https://www.theregister.com/2014/11/03/drupal_drupalgeddon_analysis/
 [warning] Removed disallowed Markdown link with URL: https://www.drupal.org/SA-CORE-2014-005
 [warning] Removed disallowed Markdown link with URL: https://web.archive.org/web/20160611201911/http://www.drop-guard.net/blog/drupalgeddon-panama-papers
 [warning] Removed disallowed Markdown link with URL: https://www.drupal.org/PSA-2014-003
 [warning] Removed disallowed Markdown link with URL: https://web.archive.org/web/20160818211205/https://gcn.com/blogs/cybereye/2014/11/open-source-attacks.aspx
 [warning] Removed disallowed Markdown link with URL: https://dropsolid.com/en/blog/how-we-installed-drupal-security-patch-1300-sites-stress-free
 [warning] Removed disallowed Markdown link with URL: https://groups.drupal.org/security/faq-2018-002
 [warning] Removed disallowed Markdown link with URL: https://www.drupal.org/forum/general/news-and-announcements/2015-11-09/drupal-6-end-of-life-announcement
 [warning] Removed disallowed Markdown link with URL: https://arstechnica.com/information-technology/2018/04/drupalgeddon2-touches-off-arms-race-to-mass-exploit-powerful-web-servers/
 [warning] Removed disallowed Markdown link with URL: https://duo.com/decipher/drupal-patches-arbitrary-file-upload-flaw
 [warning] Removed disallowed Markdown link with URL: https://www.drupal.org/sa-core-2019-009
 [warning] Removed disallowed Markdown link with URL: https://www.searchenginejournal.com/drupal-critical-vulnerability/466647/
 [warning] Removed disallowed Markdown link with URL: https://www.securityweek.com/drupal-patches-vulnerabilities-leading-information-disclosure
 [warning] Removed disallowed Markdown link with URL: https://commons.wikimedia.org/wiki/Category:Drupal
 [warning] Removed disallowed Markdown link with URL: https://www.drupal.org/
  bench_3_markdown_llm     large r1  completed   378.3s   2 calls  in=69644   out=44474  $0.87604
 [warning] Removed disallowed AI output URL: https://en.wikipedia.org/wiki/Free_and_open-source
 [warning] Removed disallowed AI output URL: https://en.wikipedia.org/wiki/Content_management_system
 [warning] Removed disallowed AI output URL: https://en.wikipedia.org/wiki/PHP
 [warning] Removed disallowed AI output URL: https://en.wikipedia.org/wiki/GNU_General_Public_License
 [warning] Removed disallowed AI output URL: https://en.wikipedia.org/wiki/Front_and_back_ends
 [warning] Removed disallowed AI output URL: https://en.wikipedia.org/wiki/World_Wide_Web
 [warning] Removed disallowed AI output URL: https://en.wikipedia.org/wiki/Blog
 [warning] Removed disallowed AI output URL: https://en.wikipedia.org/wiki/Knowledge_management
 [warning] Removed disallowed AI output URL: https://en.wikipedia.org/wiki/Content_management_system
 [warning] Removed disallowed AI output URL: https://en.wikipedia.org/wiki/RSS
 [warning] Removed disallowed AI output URL: https://en.wikipedia.org/wiki/Internet_forum
 [warning] Removed disallowed AI output URL: https://en.wikipedia.org/wiki/User-generated_content
 [warning] Removed disallowed AI output URL: https://en.wikipedia.org/wiki/Web_application_framework
 [warning] Removed disallowed AI output URL: https://en.wikipedia.org/wiki/Web_application_framework#Features
 [warning] Removed disallowed AI output URL: https://en.wikipedia.org/wiki/Application_programming_interface
 [warning] Removed disallowed AI output URL: https://en.wikipedia.org/wiki/Computing_platform
 [warning] Removed disallowed AI output URL: https://en.wikipedia.org/wiki/Web_server
 [warning] Removed disallowed AI output URL: https://en.wikipedia.org/wiki/Database
 [warning] Removed disallowed AI output URL: https://en.wikipedia.org/wiki/Sovereign_Tech_Fund
 [warning] Removed disallowed AI output URL: https://en.wikipedia.org/wiki/Digital_public_goods
 [warning] Removed disallowed AI output URL: https://en.wikipedia.org/wiki/Dries_Buytaert
 [warning] Removed disallowed AI output URL: https://en.wikipedia.org/wiki/Internet_forum
 [warning] Removed disallowed AI output URL: https://en.wikipedia.org/wiki/University_of_Antwerp
 [warning] Removed disallowed AI output URL: https://en.wikipedia.org/wiki/Ghent_University
 [warning] Removed disallowed AI output URL: https://en.wikipedia.org/wiki/Dutch_language
 [warning] Removed disallowed AI output URL: https://en.wikipedia.org/wiki/Open-source_software
 [warning] Removed disallowed AI output URL: https://en.wikipedia.org/wiki/Howard_Dean
 [warning] Removed disallowed AI output URL: https://en.wikipedia.org/wiki/Democratic_Party_(United_States)
 [warning] Removed disallowed AI output URL: https://en.wikipedia.org/wiki/2004_United_States_presidential_election
 [warning] Removed disallowed AI output URL: https://en.wikipedia.org/wiki/Packt
 [warning] Removed disallowed AI output URL: https://en.wikipedia.org/wiki/Code_freeze
 [warning] Removed disallowed AI output URL: https://en.wikipedia.org/wiki/Symfony
 [warning] Removed disallowed AI output URL: https://en.wikipedia.org/wiki/Twig_(template_engine)
 [warning] Removed disallowed AI output URL: https://en.wikipedia.org/wiki/Composer_(software)
 [warning] Removed disallowed AI output URL: https://en.wikipedia.org/wiki/Headless_content_management_system
 [warning] Removed disallowed AI output URL: https://en.wikipedia.org/wiki/United_Nations
 [warning] Removed disallowed AI output URL: https://en.wikipedia.org/wiki/Digital_public_goods
 [warning] Removed disallowed AI output URL: https://en.wikipedia.org/wiki/Symfony
 [warning] Removed disallowed AI output URL: https://en.wikipedia.org/wiki/Taxonomy_(general)
 [warning] Removed disallowed AI output URL: https://en.wikipedia.org/wiki/Tag_(metadata)
 [warning] Removed disallowed AI output URL: https://en.wikipedia.org/wiki/Dries_Buytaert
 [warning] Removed disallowed AI output URL: https://en.wikipedia.org/wiki/Artificial_intelligence
 [warning] Removed disallowed AI output URL: https://en.wikipedia.org/wiki/Arabic_language
 [warning] Removed disallowed AI output URL: https://en.wikipedia.org/wiki/Persian_language
 [warning] Removed disallowed AI output URL: https://en.wikipedia.org/wiki/Hebrew_language
 [warning] Removed disallowed AI output URL: https://en.wikipedia.org/wiki/Gettext
 [warning] Removed disallowed AI output URL: https://en.wikipedia.org/wiki/Internationalization_and_localization
 [warning] Removed disallowed AI output URL: https://en.wikipedia.org/wiki/Drush
 [warning] Removed disallowed AI output URL: https://en.wikipedia.org/wiki/PHP_Data_Objects
 [warning] Removed disallowed AI output URL: https://en.wikipedia.org/wiki/Microsoft
 [warning] Removed disallowed AI output URL: https://en.wikipedia.org/wiki/Microsoft_SQL_Server
 [warning] Removed disallowed AI output URL: https://en.wikipedia.org/wiki/SQLite
 [warning] Removed disallowed AI output URL: https://en.wikipedia.org/wiki/Internet_Information_Services
 [warning] Removed disallowed AI output URL: https://en.wikipedia.org/wiki/Web_accessibility
 [warning] Removed disallowed AI output URL: https://en.wikipedia.org/wiki/Authoring_Tool_Accessibility_Guidelines
 [warning] Removed disallowed AI output URL: https://en.wikipedia.org/wiki/Rich_web_applications
 [warning] Removed disallowed AI output URL: https://en.wikipedia.org/wiki/WAI-ARIA
 [warning] Removed disallowed AI output URL: https://en.wikipedia.org/wiki/Drag_and_drop
 [warning] Removed disallowed AI output URL: https://en.wikipedia.org/wiki/Modular_programming
 [warning] Removed disallowed AI output URL: https://en.wikipedia.org/wiki/Hooking
 [warning] Removed disallowed AI output URL: https://en.wikipedia.org/wiki/Callback_(computer_programming)
 [warning] Removed disallowed AI output URL: https://en.wikipedia.org/wiki/API
 [warning] Removed disallowed AI output URL: https://en.wikipedia.org/wiki/WYSIWYG
 [warning] Removed disallowed AI output URL: https://en.wikipedia.org/wiki/Modular_programming
 [warning] Removed disallowed AI output URL: https://en.wikipedia.org/wiki/Theme_(computing)
 [warning] Removed disallowed AI output URL: https://en.wikipedia.org/wiki/PHP
 [warning] Removed disallowed AI output URL: https://en.wikipedia.org/wiki/Twig_(template_engine)
 [warning] Removed disallowed AI output URL: https://en.wikipedia.org/wiki/Template_engine_(web)
 [warning] Removed disallowed AI output URL: https://en.wikipedia.org/wiki/HTML
 [warning] Removed disallowed AI output URL: https://en.wikipedia.org/wiki/CSS
 [warning] Removed disallowed AI output URL: https://en.wikipedia.org/wiki/GNU_General_Public_License
 [warning] Removed disallowed AI output URL: https://en.wikipedia.org/wiki/Online_store
 [warning] Removed disallowed AI output URL: https://en.wikipedia.org/wiki/Presentation_Abstraction_Control
 [warning] Removed disallowed AI output URL: https://en.wikipedia.org/wiki/Hypertext_Transfer_Protocol#HTTP_GET
 [warning] Removed disallowed AI output URL: https://en.wikipedia.org/wiki/POST_(HTTP)
 [warning] Removed disallowed AI output URL: https://en.wikipedia.org/wiki/Community
 [warning] Removed disallowed AI output URL: https://en.wikipedia.org/wiki/Szeged
 [warning] Removed disallowed AI output URL: https://en.wikipedia.org/wiki/Meeting
 [warning] Removed disallowed AI output URL: https://en.wikipedia.org/wiki/AMD
 [warning] Removed disallowed AI output URL: https://en.wikipedia.org/wiki/Columbia_University
 [warning] Removed disallowed AI output URL: https://en.wikipedia.org/wiki/European_Commission
 [warning] Removed disallowed AI output URL: https://en.wikipedia.org/wiki/Johnson_&_Johnson
 [warning] Removed disallowed AI output URL: https://en.wikipedia.org/wiki/McGill_University
 [warning] Removed disallowed AI output URL: https://en.wikipedia.org/wiki/NASA
 [warning] Removed disallowed AI output URL: https://en.wikipedia.org/wiki/NBC
 [warning] Removed disallowed AI output URL: https://en.wikipedia.org/wiki/Nokia
 [warning] Removed disallowed AI output URL: https://en.wikipedia.org/wiki/Olympic_Games
 [warning] Removed disallowed AI output URL: https://en.wikipedia.org/wiki/Oxford
 [warning] Removed disallowed AI output URL: https://en.wikipedia.org/wiki/Patch_Media
 [warning] Removed disallowed AI output URL: https://en.wikipedia.org/wiki/Pfizer
 [warning] Removed disallowed AI output URL: https://en.wikipedia.org/wiki/Princeton_University
 [warning] Removed disallowed AI output URL: https://en.wikipedia.org/wiki/Qualcomm
 [warning] Removed disallowed AI output URL: https://en.wikipedia.org/wiki/Rainforest_Alliance
 [warning] Removed disallowed AI output URL: https://en.wikipedia.org/wiki/Smithsonian_Institution
 [warning] Removed disallowed AI output URL: https://en.wikipedia.org/wiki/Taboola
 [warning] Removed disallowed AI output URL: https://en.wikipedia.org/wiki/TSMC
 [warning] Removed disallowed AI output URL: https://en.wikipedia.org/wiki/UNICEF
 [warning] Removed disallowed AI output URL: https://en.wikipedia.org/wiki/Universal_Music_Group
 [warning] Removed disallowed AI output URL: https://en.wikipedia.org/wiki/Visa_Inc.
 [warning] Removed disallowed AI output URL: https://en.wikipedia.org/wiki/We_the_People_(petitioning_system)
 [warning] Removed disallowed AI output URL: https://en.wikipedia.org/wiki/SQL_injection
 [warning] Removed disallowed AI output URL: https://en.wikipedia.org/wiki/Backdoor_(computing)
 [warning] Removed disallowed AI output URL: https://en.wikipedia.org/wiki/Exploit_(computer_security)
 [warning] Removed disallowed AI output URL: https://en.wikipedia.org/wiki/Backdrop_CMS
 [warning] Removed disallowed AI output URL: https://en.wikipedia.org/wiki/List_of_content_management_systems
 [warning] Removed disallowed AI output URL: https://www.drupal.org/
 [warning] Removed disallowed Markdown link with URL: https://www.drupal.org/
  bench_4_ai_agent_tool    large r1  completed   321.8s   5 calls  in=876443  out=28604  $3.05839
 [warning] Cross-iteration data read on pipeline 184: job 1953 (node message_assemble.1, iteration 1) is satisfied by source node conversation_buffer.4 (job 1948, iteration 0) — an OLDER iteration than the consumer. Delivery is not gated (BR-6); logged for observability only.

ut URL: https://en.wikipedia.org/wiki/Database
 [warning] Removed disallowed AI output URL: https://en.wikipedia.org/wiki/Sovereign_Tech_Fund
 [warning] Removed disallowed AI output URL: https://en.wikipedia.org/wiki/Digital_public_goods
 [warning] Removed disallowed AI output URL: https://en.wikipedia.org/wiki/Dries_Buytaert
 [warning] Removed disallowed AI output URL: https://en.wikipedia.org/wiki/Internet_forum
 [warning] Removed disallowed AI output URL: https://en.wikipedia.org/wiki/University_of_Antwerp
 [warning] Removed disallowed AI output URL: https://en.wikipedia.org/wiki/Ghent_University
 [warning] Removed disallowed AI output URL: https://en.wikipedia.org/wiki/Dutch_language
 [warning] Removed disallowed AI output URL: https://en.wikipedia.org/wiki/Open-source_software
 [warning] Removed disallowed AI output URL: https://en.wikipedia.org/wiki/Howard_Dean
 [warning] Removed disallowed AI output URL: https://en.wikipedia.org/wiki/Democratic_Party_(United_States)
 [warning] Removed disallowed AI output URL: https://en.wikipedia.org/wiki/2004_United_States_presidential_election
 [warning] Removed disallowed AI output URL: https://en.wikipedia.org/wiki/Packt
 [warning] Removed disallowed AI output URL: https://en.wikipedia.org/wiki/Code_freeze
 [warning] Removed disallowed AI output URL: https://en.wikipedia.org/wiki/Symfony
 [warning] Removed disallowed AI output URL: https://en.wikipedia.org/wiki/Twig_(template_engine)
 [warning] Removed disallowed AI output URL: https://en.wikipedia.org/wiki/Composer_(software)
 [warning] Removed disallowed AI output URL: https://en.wikipedia.org/wiki/Headless_content_management_system
 [warning] Removed disallowed AI output URL: https://en.wikipedia.org/wiki/United_Nations
 [warning] Removed disallowed AI output URL: https://en.wikipedia.org/wiki/Digital_public_goods
 [warning] Removed disallowed AI output URL: https://en.wikipedia.org/wiki/Symfony
 [warning] Removed disallowed AI output URL: https://en.wikipedia.org/wiki/Taxonomy_(general)
 [warning] Removed disallowed AI output URL: https://en.wikipedia.org/wiki/Tag_(metadata)
 [warning] Removed disallowed AI output URL: https://en.wikipedia.org/wiki/Dries_Buytaert
 [warning] Removed disallowed AI output URL: https://en.wikipedia.org/wiki/Artificial_intelligence
 [warning] Removed disallowed AI output URL: https://en.wikipedia.org/wiki/Arabic_language
 [warning] Removed disallowed AI output URL: https://en.wikipedia.org/wiki/Persian_language
 [warning] Removed disallowed AI output URL: https://en.wikipedia.org/wiki/Hebrew_language
 [warning] Removed disallowed AI output URL: https://en.wikipedia.org/wiki/Gettext
 [warning] Removed disallowed AI output URL: https://en.wikipedia.org/wiki/Internationalization_and_localization
 [warning] Removed disallowed AI output URL: https://en.wikipedia.org/wiki/Drush
 [warning] Removed disallowed AI output URL: https://en.wikipedia.org/wiki/PHP_Data_Objects
 [warning] Removed disallowed AI output URL: https://en.wikipedia.org/wiki/Microsoft
 [warning] Removed disallowed AI output URL: https://en.wikipedia.org/wiki/Microsoft_SQL_Server
 [warning] Removed disallowed AI output URL: https://en.wikipedia.org/wiki/SQLite
 [warning] Removed disallowed AI output URL: https://en.wikipedia.org/wiki/Internet_Information_Services
 [warning] Removed disallowed AI output URL: https://en.wikipedia.org/wiki/Web_accessibility
 [warning] Removed disallowed AI output URL: https://en.wikipedia.org/wiki/Authoring_Tool_Accessibility_Guidelines
 [warning] Removed disallowed AI output URL: https://en.wikipedia.org/wiki/Rich_web_applications
 [warning] Removed disallowed AI output URL: https://en.wikipedia.org/wiki/WAI-ARIA
 [warning] Removed disallowed AI output URL: https://en.wikipedia.org/wiki/Modular_programming
 [warning] Removed disallowed AI output URL: https://en.wikipedia.org/wiki/Hooking
 [warning] Removed disallowed AI output URL: https://en.wikipedia.org/wiki/Callback_(computer_programming)
 [warning] Removed disallowed AI output URL: https://en.wikipedia.org/wiki/API
 [warning] Removed disallowed AI output URL: https://en.wikipedia.org/wiki/WYSIWYG
 [warning] Removed disallowed AI output URL: https://en.wikipedia.org/wiki/Modular_programming
 [warning] Removed disallowed AI output URL: https://en.wikipedia.org/wiki/Theme_(computing)
 [warning] Removed disallowed AI output URL: https://en.wikipedia.org/wiki/PHP
 [warning] Removed disallowed AI output URL: https://en.wikipedia.org/wiki/Twig_(template_engine)
 [warning] Removed disallowed AI output URL: https://en.wikipedia.org/wiki/Template_engine_(web)
 [warning] Removed disallowed AI output URL: https://en.wikipedia.org/wiki/HTML
 [warning] Removed disallowed AI output URL: https://en.wikipedia.org/wiki/CSS
 [warning] Removed disallowed AI output URL: https://en.wikipedia.org/wiki/GNU_General_Public_License
 [warning] Removed disallowed AI output URL: https://en.wikipedia.org/wiki/Online_store
 [warning] Removed disallowed AI output URL: https://en.wikipedia.org/wiki/Presentation_Abstraction_Control
 [warning] Removed disallowed AI output URL: https://en.wikipedia.org/wiki/Szeged
 [warning] Removed disallowed AI output URL: https://en.wikipedia.org/wiki/SQL_injection
 [warning] Removed disallowed AI output URL: https://en.wikipedia.org/wiki/Backdoor_(computing)
 [warning] Removed disallowed AI output URL: https://en.wikipedia.org/wiki/Exploit_(computer_security)
 [warning] Removed disallowed AI output URL: https://en.wikipedia.org/wiki/Backdrop_CMS
 [warning] Removed disallowed AI output URL: https://en.wikipedia.org/wiki/List_of_content_management_systems
 [warning] Removed disallowed AI output URL: https://www.drupal.org/
 [warning] file_put_contents(scratchpad/bench/results/outputs/bench_4_ai_agent_tool__large__r1__1788092804.md): Failed to open stream: No such file or directory harness.php:104
  bench_4_ai_agent_tool    large r1  completed   306.0s   3 calls  in=472191  out=34416  $1.93281
 [warning] Cross-iteration data read on pipeline 182: job 1937 (node message_assemble.1, iteration 1) is satisfied by source node conversation_buffer.4 (job 1932, iteration 0) — an OLDER iteration than the consumer. Delivery is not gated (BR-6); logged for observability only.
 [warning] Cross-iteration data read on pipeline 182: job 1962 (node message_assemble.1, iteration 2) is satisfied by source node conversation_buffer.4 (job 1932, iteration 0) — an OLDER iteration than the consumer. Delivery is not gated (BR-6); logged for observability only.
 [error]  Job 1975 failed: Memory value for key "loop" in scope "pipeline" exceeds the maximum allowed size of 1048576 bytes (1061516 bytes given). 
 [error]  StateGraph orchestration failed: Memory value for key "loop" in scope "pipeline" exceeds the maximum allowed size of 1048576 bytes (1061516 bytes given). 
 [error]  Job 1924 failed: Sub-workflow react_agent_with_tools failed: StateGraph orchestration failed: Memory value for key "loop" in scope "pipeline" exceeds the maximum allowed size of 1048576 bytes (1061516 bytes given). 
 [error]  Synchronous pipeline execution failed for pipeline 181: Sub-workflow react_agent_with_tools failed: StateGraph orchestration failed: Memory value for key "loop" in scope "pipeline" exceeds the maximum allowed size of 1048576 bytes (1061516 bytes given). 
 [error]  Execution failed for pipeline 181: Synchronous pipeline execution failed: Sub-workflow react_agent_with_tools failed: StateGraph orchestration failed: Memory value for key "loop" in scope "pipeline" exceeds the maximum allowed size of 1048576 bytes (1061516 bytes given). (Drupal\flowdrop_runtime\Exception\OrchestrationException) 
  bench_5_react_agent      large r1  failed      552.9s   7 calls  in=1180807 out=54637  $4.36198
 [warning] Cross-iteration data read on pipeline 186: job 1990 (node message_assemble.1, iteration 1) is satisfied by source node conversation_buffer.4 (job 1985, iteration 0) — an OLDER iteration than the consumer. Delivery is not gated (BR-6); logged for observability only.
 [warning] Removed disallowed AI output URL: https://en.wikipedia.org/wiki/Free_and_open-source
 [warning] Removed disallowed AI output URL: https://en.wikipedia.org/wiki/Content_management_system
 [warning] Removed disallowed AI output URL: https://en.wikipedia.org/wiki/PHP
 [warning] Removed disallowed AI output URL: https://en.wikipedia.org/wiki/GNU_General_Public_License
 [warning] Removed disallowed AI output URL: https://en.wikipedia.org/wiki/Front_and_back_ends
 [warning] Removed disallowed AI output URL: https://en.wikipedia.org/wiki/World_Wide_Web
 [warning] Removed disallowed AI output URL: https://en.wikipedia.org/wiki/Blog
 [warning] Removed disallowed AI output URL: https://en.wikipedia.org/wiki/Knowledge_management
 [warning] Removed disallowed AI output URL: https://en.wikipedia.org/wiki/Content_management_system
 [warning] Removed disallowed AI output URL: https://en.wikipedia.org/wiki/RSS
 [warning] Removed disallowed AI output URL: https://en.wikipedia.org/wiki/Internet_forum
 [warning] Removed disallowed AI output URL: https://en.wikipedia.org/wiki/User-generated_content
 [warning] Removed disallowed AI output URL: https://en.wikipedia.org/wiki/Web_application_framework
 [warning] Removed disallowed AI output URL: https://en.wikipedia.org/wiki/Web_application_framework#Features
 [warning] Removed disallowed AI output URL: https://en.wikipedia.org/wiki/Application_programming_interface
 [warning] Removed disallowed AI output URL: https://en.wikipedia.org/wiki/Computing_platform
 [warning] Removed disallowed AI output URL: https://en.wikipedia.org/wiki/Web_server
 [warning] Removed disallowed AI output URL: https://en.wikipedia.org/wiki/Database
 [warning] Removed disallowed AI output URL: https://en.wikipedia.org/wiki/Sovereign_Tech_Fund
 [warning] Removed disallowed AI output URL: https://en.wikipedia.org/wiki/Digital_public_goods
 [warning] Removed disallowed AI output URL: https://en.wikipedia.org/wiki/Dries_Buytaert
 [warning] Removed disallowed AI output URL: https://en.wikipedia.org/wiki/Internet_forum
 [warning] Removed disallowed AI output URL: https://en.wikipedia.org/wiki/University_of_Antwerp
 [warning] Removed disallowed AI output URL: https://en.wikipedia.org/wiki/Ghent_University
 [warning] Removed disallowed AI output URL: https://en.wikipedia.org/wiki/Dutch_language
 [warning] Removed disallowed AI output URL: https://en.wikipedia.org/wiki/Open-source_software
 [warning] Removed disallowed AI output URL: https://en.wikipedia.org/wiki/Howard_Dean
 [warning] Removed disallowed AI output URL: https://en.wikipedia.org/wiki/Democratic_Party_(United_States)
 [warning] Removed disallowed AI output URL: https://en.wikipedia.org/wiki/2004_United_States_presidential_election
 [warning] Removed disallowed AI output URL: https://en.wikipedia.org/wiki/Packt
 [warning] Removed disallowed AI output URL: https://en.wikipedia.org/wiki/Code_freeze
 [warning] Removed disallowed AI output URL: https://en.wikipedia.org/wiki/Symfony
 [warning] Removed disallowed AI output URL: https://en.wikipedia.org/wiki/Twig_(template_engine)
 [warning] Removed disallowed AI output URL: https://en.wikipedia.org/wiki/Composer_(software)
 [warning] Removed disallowed AI output URL: https://en.wikipedia.org/wiki/Headless_content_management_system
 [warning] Removed disallowed AI output URL: https://en.wikipedia.org/wiki/United_Nations
 [warning] Removed disallowed AI output URL: https://en.wikipedia.org/wiki/Digital_public_goods
 [warning] Removed disallowed AI output URL: https://en.wikipedia.org/wiki/Symfony
 [warning] Removed disallowed AI output URL: https://en.wikipedia.org/wiki/Taxonomy_(general)
 [warning] Removed disallowed AI output URL: https://en.wikipedia.org/wiki/Tag_(metadata)
 [warning] Removed disallowed AI output URL: https://en.wikipedia.org/wiki/Dries_Buytaert
 [warning] Removed disallowed AI output URL: https://en.wikipedia.org/wiki/Artificial_intelligence
 [warning] Removed disallowed AI output URL: https://en.wikipedia.org/wiki/Arabic_language
 [warning] Removed disallowed AI output URL: https://en.wikipedia.org/wiki/Persian_language
 [warning] Removed disallowed AI output URL: https://en.wikipedia.org/wiki/Hebrew_language
 [warning] Removed disallowed AI output URL: https://en.wikipedia.org/wiki/Gettext
 [warning] Removed disallowed AI output URL: https://en.wikipedia.org/wiki/Internationalization_and_localization
 [warning] Removed disallowed AI output URL: https://en.wikipedia.org/wiki/Drush
 [warning] Removed disallowed AI output URL: https://en.wikipedia.org/wiki/PHP_Data_Objects
 [warning] Removed disallowed AI output URL: https://en.wikipedia.org/wiki/Microsoft
 [warning] Removed disallowed AI output URL: https://en.wikipedia.org/wiki/Microsoft_SQL_Server
 [warning] Removed disallowed AI output URL: https://en.wikipedia.org/wiki/SQLite
 [warning] Removed disallowed AI output URL: https://en.wikipedia.org/wiki/Internet_Information_Services
 [warning] Removed disallowed AI output URL: https://en.wikipedia.org/wiki/Web_accessibility
 [warning] Removed disallowed AI output URL: https://en.wikipedia.org/wiki/Authoring_Tool_Accessibility_Guidelines
 [warning] Removed disallowed AI output URL: https://en.wikipedia.org/wiki/Rich_web_applications
 [warning] Removed disallowed AI output URL: https://en.wikipedia.org/wiki/WAI-ARIA
 [warning] Removed disallowed AI output URL: https://en.wikipedia.org/wiki/Modular_programming
 [warning] Removed disallowed AI output URL: https://en.wikipedia.org/wiki/Hooking
 [warning] Removed disallowed AI output URL: https://en.wikipedia.org/wiki/Callback_(computer_programming)
 [warning] Removed disallowed AI output URL: https://en.wikipedia.org/wiki/API
 [warning] Removed disallowed AI output URL: https://en.wikipedia.org/wiki/WYSIWYG
 [warning] Removed disallowed AI output URL: https://en.wikipedia.org/wiki/Presentation_Abstraction_Control
 [warning] Removed disallowed AI output URL: https://en.wikipedia.org/wiki/SQL_injection
 [warning] Removed disallowed AI output URL: https://en.wikipedia.org/wiki/Backdrop_CMS
 [warning] Removed disallowed AI output URL: https://en.wikipedia.org/wiki/List_of_content_management_systems
 [warning] Cross-iteration data read on pipeline 186: job 2002 (node message_assemble.1, iteration 2) is satisfied by source node conversation_buffer.4 (job 1985, iteration 0) — an OLDER iteration than the consumer. Delivery is not gated (BR-6); logged for observability only.
 [error]  Drupal\Core\Database\DatabaseExceptionWrapper: SQLSTATE[40001]: Serialization failure: 1213 Deadlock found when trying to get lock; try restarting transaction: DELETE FROM "cache_entity" 
WHERE "cid" IN (:db_condition_placeholder_0); Array
(
    [:db_condition_placeholder_0] => values:flowdrop_job:2002
)
 in Drupal\Core\Cache\DatabaseBackend->deleteMultiple() (line 329 of /var/www/html/web/core/lib/Drupal/Core/Cache/DatabaseBackend.php). 
 [error]  Job 2002 failed: SQLSTATE[40001]: Serialization failure: 1213 Deadlock found when trying to get lock; try restarting transaction: DELETE FROM "cache_entity" 
WHERE "cid" IN (:db_condition_placeholder_0); Array
(
    [:db_condition_placeholder_0] => values:flowdrop_job:2002
)
 
 [error]  StateGraph orchestration failed: SQLSTATE[40001]: Serialization failure: 1213 Deadlock found when trying to get lock; try restarting transaction: DELETE FROM "cache_entity" 
WHERE "cid" IN (:db_condition_placeholder_0); Array
(
    [:db_condition_placeholder_0] => values:flowdrop_job:2002
)
 
 [error]  Job 1977 failed: Sub-workflow react_agent_with_tools failed: StateGraph orchestration failed: SQLSTATE[40001]: Serialization failure: 1213 Deadlock found when trying to get lock; try restarting transaction: DELETE FROM "cache_entity" 
WHERE "cid" IN (:db_condition_placeholder_0); Array
(
    [:db_condition_placeholder_0] => values:flowdrop_job:2002
)
 
 [error]  Synchronous pipeline execution failed for pipeline 185: Sub-workflow react_agent_with_tools failed: StateGraph orchestration failed: SQLSTATE[40001]: Serialization failure: 1213 Deadlock found when trying to get lock; try restarting transaction: DELETE FROM "cache_entity" 
WHERE "cid" IN (:db_condition_placeholder_0); Array
(
    [:db_condition_placeholder_0] => values:flowdrop_job:2002
)
 
 [error]  Execution failed for pipeline 185: Synchronous pipeline execution failed: Sub-workflow react_agent_with_tools failed: StateGraph orchestration failed: SQLSTATE[40001]: Serialization failure: 1213 Deadlock found when trying to get lock; try restarting transaction: DELETE FROM "cache_entity" 
WHERE "cid" IN (:db_condition_placeholder_0); Array
(
    [:db_condition_placeholder_0] => values:flowdrop_job:2002
)
 (Drupal\flowdrop_runtime\Exception\OrchestrationException) 
  bench_5a_react_agent_naive large r1  failed      171.0s   3 calls  in=503382  out=18932  $1.79413

=== repetition 2/3 ===
 [warning] file_put_contents(scratchpad/bench/results/outputs/bench_1_reference__small__r2__1788093834.md): Failed to open stream: No such file or directory harness.php:104
  bench_1_reference        small r2  completed     0.6s   0 calls  in=0       out=0      $0.00000
 [warning] Removed disallowed AI output URL: https://www.drupal.org/sites/all/themes/bluecheese/images/drupal_meta_image.png
 [warning] Removed disallowed AI output URL: https://www.drupal.org/about
 [warning] Removed disallowed AI output URL: https://www.drupal.org/node/2603760
 [warning] Removed disallowed AI output URL: https://www.drupal.org/about
 [warning] Removed disallowed AI output URL: https://www.drupal.org/terms
 [warning] Removed disallowed AI output URL: https://www.drupal.org/about/overview/technical
 [warning] Removed disallowed AI output URL: https://www.drupal.org/about/overview/technical
 [warning] Removed disallowed AI output URL: https://new.drupal.org/drupal-cms
 [warning] Removed disallowed AI output URL: https://new.drupal.org/ai
 [warning] Removed disallowed AI output URL: https://www.drupal.org/case-studies
 [warning] Removed disallowed AI output URL: https://www.drupal.org/industries/government
 [warning] Removed disallowed AI output URL: https://www.drupal.org/industries/education
 [warning] Removed disallowed AI output URL: https://www.drupal.org/industries/nonprofit
 [warning] Removed disallowed AI output URL: https://www.drupal.org/industries/ecommerce
 [warning] Removed disallowed AI output URL: https://www.drupal.org/industries/fintech
 [warning] Removed disallowed AI output URL: https://www.drupal.org/industries/healthcare
 [warning] Removed disallowed AI output URL: https://new.drupal.org/industries/enterprise
 [warning] Removed disallowed AI output URL: https://new.drupal.org/industries/retail
 [warning] Removed disallowed AI output URL: https://new.drupal.org/industries/travel
 [warning] Removed disallowed AI output URL: https://www.drupal.org/docs/official_docs/local-development-guide
 [warning] Removed disallowed AI output URL: https://www.drupal.org/docs/getting-started
 [warning] Removed disallowed AI output URL: https://www.drupal.org/docs/official_docs/local-development-guide
 [warning] Removed disallowed AI output URL: https://www.drupal.org/developers
 [warning] Removed disallowed AI output URL: https://new.drupal.org/docs/drupal-cms
 [warning] Removed disallowed AI output URL: https://www.drupal.org/docs/user_guide/en/index.html
 [warning] Removed disallowed AI output URL: https://api.drupal.org/api/drupal/11.x
 [warning] Removed disallowed AI output URL: https://www.drupal.org/project/modules
 [warning] Removed disallowed AI output URL: https://www.drupal.org/project/themes
 [warning] Removed disallowed AI output URL: https://www.drupal.org/browse/recipes
 [warning] Removed disallowed AI output URL: https://new.drupal.org/browse/site-templates
 [warning] Removed disallowed AI output URL: https://www.drupal.org/drupal-services
 [warning] Removed disallowed AI output URL: https://www.drupal.org/drupal-services
 [warning] Removed disallowed AI output URL: https://new.drupal.org/association/become-a-drupal-certified-partner
 [warning] Removed disallowed AI output URL: https://www.drupal.org/hosting
 [warning] Removed disallowed AI output URL: https://www.drupal.org/about/drupal-7/d7eol/migration-resource-center/enterprise
 [warning] Removed disallowed AI output URL: https://www.drupal.org/training
 [warning] Removed disallowed AI output URL: https://www.drupal.org/steward
 [warning] Removed disallowed AI output URL: https://www.drupal.org/community
 [warning] Removed disallowed AI output URL: https://www.drupal.org/community
 [warning] Removed disallowed AI output URL: https://www.drupal.org/community/contributor-guide
 [warning] Removed disallowed AI output URL: https://events.drupal.org/
 [warning] Removed disallowed AI output URL: https://www.drupal.org/community/events
 [warning] Removed disallowed AI output URL: https://jobs.drupal.org/home
 [warning] Removed disallowed AI output URL: https://www.drupal.org/blog
 [warning] Removed disallowed AI output URL: https://www.drupal.org/forum
 [warning] Removed disallowed AI output URL: https://www.drupal.org/subscribe
 [warning] Removed disallowed AI output URL: https://www.drupal.org/swag
 [warning] Removed disallowed AI output URL: https://www.drupal.org/sustaining-members 
 [warning] Removed disallowed AI output URL: https://www.drupal.org/swag?utm_source=drupalorg&utm_medium=banner&utm_campaign=drupal_swag_shop_2020_09_17
 [warning] Removed disallowed AI output URL: https://new.drupal.org/drupal-cms/trial
 [warning] Removed disallowed AI output URL: https://www.drupal.org/sites/all/themes/bluecheese/images/icon-w-user.svg
 [warning] Removed disallowed AI output URL: https://www.drupal.org/sites/all/modules/drupalorg/drupalorg/images/drupal-wordmark-062025.svg
 [warning] Removed disallowed AI output URL: https://www.drupal.org/files/styles/grid-2-2x-square/public/announcements/da-icon.png?itok=Uj8MTnv2
 [warning] Removed disallowed AI output URL: https://forms.gle/BBiuni3o1KgUN9pMA
 [warning] Removed disallowed AI output URL: https://www.drupal.org/about/11
 [warning] Removed disallowed AI output URL: http://www.gnu.org/copyleft/gpl.html
 [warning] Removed disallowed AI output URL: https://twitter.com/intent/tweet?text=Drupal's%20the%20content%20management%20system%20behind%20many%20of%20the%20digital%20experiences%20you%20love.%20And%20it%20will%20always%20be%20free.%20https://www.drupal.org/about
 [warning] Removed disallowed AI output URL: https://twitter.com/intent/tweet?text=Drupal's%20the%20content%20management%20system%20behind%20many%20of%20the%20digital%20experiences%20you%20love.%20And%20it%20will%20always%20be%20free.%20https://www.drupal.org/about
 [warning] Removed disallowed AI output URL: https://digital.gov/resources/content-management-systems-used-by-government-agencies/
 [warning] Removed disallowed AI output URL: https://www.london.gov.uk/
 [warning] Removed disallowed AI output URL: http://www.gouvernement.fr/
 [warning] Removed disallowed AI output URL: http://www.bbc.com/
 [warning] Removed disallowed AI output URL: http://www.nbc.com/
 [warning] Removed disallowed AI output URL: http://www.mtv.co.uk/
 [warning] Removed disallowed AI output URL: http://www.amnesty.org/
 [warning] Removed disallowed AI output URL: http://www.ox.ac.uk/
 [warning] Removed disallowed AI output URL: https://www.drupal.org/case-studies
 [warning] Removed disallowed AI output URL: http://localize.drupal.org/
 [warning] Removed disallowed AI output URL: https://jobs.drupal.org/
 [warning] Removed disallowed AI output URL: https://www.tag1.com/?utm_source=DA&utm_medium=referral&utm_campaign=drupal-org-footer
 [warning] Removed disallowed AI output URL: https://www.drupal.org/news
 [warning] Removed disallowed AI output URL: https://www.drupal.org/planet
 [warning] Removed disallowed AI output URL: https://www.drupal.org/about/media-kit/social-media
 [warning] Removed disallowed AI output URL: https://www.drupal.org/subscribe
 [warning] Removed disallowed AI output URL: https://www.drupal.org/security
 [warning] Removed disallowed AI output URL: https://jobs.drupal.org/
 [warning] Removed disallowed AI output URL: https://www.drupal.org/community
 [warning] Removed disallowed AI output URL: https://www.drupal.org/drupal-services
 [warning] Removed disallowed AI output URL: https://www.drupal.org/training
 [warning] Removed disallowed AI output URL: https://www.drupal.org/hosting
 [warning] Removed disallowed AI output URL: https://www.drupal.org/community/contributor-guide
 [warning] Removed disallowed AI output URL: https://groups.drupal.org/groups
 [warning] Removed disallowed AI output URL: https://events.drupal.org
 [warning] Removed disallowed AI output URL: https://www.drupal.org/dcoc
 [warning] Removed disallowed AI output URL: https://www.drupal.org/documentation
 [warning] Removed disallowed AI output URL: https://www.drupal.org/docs
 [warning] Removed disallowed AI output URL: https://www.drupal.org/docs/user_guide/en/index.html
 [warning] Removed disallowed AI output URL: https://www.drupal.org/documentation/develop
 [warning] Removed disallowed AI output URL: https://api.drupal.org/
 [warning] Removed disallowed AI output URL: https://www.drupal.org/download
 [warning] Removed disallowed AI output URL: https://www.drupal.org/project/drupal
 [warning] Removed disallowed AI output URL: https://www.drupal.org/project/project_module
 [warning] Removed disallowed AI output URL: https://www.drupal.org/project/project_theme
 [warning] Removed disallowed AI output URL: https://www.drupal.org/project/project_distribution
 [warning] Removed disallowed AI output URL: https://www.drupal.org/about
 [warning] Removed disallowed AI output URL: https://www.drupal.org/about/features/accessibility
 [warning] Removed disallowed AI output URL: https://www.drupal.org/association
 [warning] Removed disallowed AI output URL: https://www.drupal.org/drupalorg
 [warning] Removed disallowed AI output URL: https://www.drupal.org/terms
 [warning] Removed disallowed AI output URL: https://www.drupal.org/privacy
 [warning] Removed disallowed AI output URL: https://dri.es
 [warning] file_put_contents(scratchpad/bench/results/outputs/bench_2_raw_html_llm__small__r2__1788093835.md): Failed to open stream: No such file or directory harness.php:104
  bench_2_raw_html_llm     small r2  completed   253.0s   2 calls  in=27340   out=27230  $0.49047
 [warning] Removed disallowed Markdown image with URL: https://www.drupal.org/sites/all/themes/bluecheese/images/icon-w-user.svg
 [warning] Removed disallowed Markdown image with URL: https://www.drupal.org/sites/all/modules/drupalorg/drupalorg/images/drupal-wordmark-062025.svg
 [warning] Removed disallowed Markdown image with URL: https://www.drupal.org/files/styles/grid-2-2x-square/public/announcements/da-icon.png?itok=Uj8MTnv2
 [warning] Removed disallowed Markdown link with URL: https://www.drupal.org/terms
 [warning] Removed disallowed Markdown link with URL: https://www.drupal.org/about/overview/technical
 [warning] Removed disallowed Markdown link with URL: https://www.drupal.org/about/overview/technical
 [warning] Removed disallowed Markdown link with URL: https://new.drupal.org/drupal-cms
 [warning] Removed disallowed Markdown link with URL: https://new.drupal.org/ai
 [warning] Removed disallowed Markdown link with URL: https://www.drupal.org/case-studies
 [warning] Removed disallowed Markdown link with URL: https://www.drupal.org/industries/government
 [warning] Removed disallowed Markdown link with URL: https://www.drupal.org/industries/education
 [warning] Removed disallowed Markdown link with URL: https://www.drupal.org/industries/nonprofit
 [warning] Removed disallowed Markdown link with URL: https://www.drupal.org/industries/ecommerce
 [warning] Removed disallowed Markdown link with URL: https://www.drupal.org/industries/fintech
 [warning] Removed disallowed Markdown link with URL: https://www.drupal.org/industries/healthcare
 [warning] Removed disallowed Markdown link with URL: https://new.drupal.org/industries/enterprise
 [warning] Removed disallowed Markdown link with URL: https://new.drupal.org/industries/retail
 [warning] Removed disallowed Markdown link with URL: https://new.drupal.org/industries/travel
 [warning] Removed disallowed Markdown link with URL: https://www.drupal.org/docs/official_docs/local-development-guide
 [warning] Removed disallowed Markdown link with URL: https://www.drupal.org/docs/getting-started
 [warning] Removed disallowed Markdown link with URL: https://www.drupal.org/docs/official_docs/local-development-guide
 [warning] Removed disallowed Markdown link with URL: https://www.drupal.org/developers
 [warning] Removed disallowed Markdown link with URL: https://new.drupal.org/docs/drupal-cms
 [warning] Removed disallowed Markdown link with URL: https://www.drupal.org/docs/user_guide/en/index.html
 [warning] Removed disallowed Markdown link with URL: https://api.drupal.org/api/drupal/11.x
 [warning] Removed disallowed Markdown link with URL: https://www.drupal.org/project/modules
 [warning] Removed disallowed Markdown link with URL: https://www.drupal.org/project/themes
 [warning] Removed disallowed Markdown link with URL: https://www.drupal.org/browse/recipes
 [warning] Removed disallowed Markdown link with URL: https://new.drupal.org/browse/site-templates
 [warning] Removed disallowed Markdown link with URL: https://www.drupal.org/drupal-services
 [warning] Removed disallowed Markdown link with URL: https://www.drupal.org/drupal-services
 [warning] Removed disallowed Markdown link with URL: https://new.drupal.org/association/become-a-drupal-certified-partner
 [warning] Removed disallowed Markdown link with URL: https://www.drupal.org/hosting
 [warning] Removed disallowed Markdown link with URL: https://www.drupal.org/about/drupal-7/d7eol/migration-resource-center/enterprise
 [warning] Removed disallowed Markdown link with URL: https://www.drupal.org/training
 [warning] Removed disallowed Markdown link with URL: https://www.drupal.org/steward
 [warning] Removed disallowed Markdown link with URL: https://www.drupal.org/community
 [warning] Removed disallowed Markdown link with URL: https://www.drupal.org/community
 [warning] Removed disallowed Markdown link with URL: https://www.drupal.org/community/contributor-guide
 [warning] Removed disallowed Markdown link with URL: https://events.drupal.org/
 [warning] Removed disallowed Markdown link with URL: https://www.drupal.org/community/events
 [warning] Removed disallowed Markdown link with URL: https://jobs.drupal.org/home
 [warning] Removed disallowed Markdown link with URL: https://www.drupal.org/blog
 [warning] Removed disallowed Markdown link with URL: https://www.drupal.org/forum
 [warning] Removed disallowed Markdown link with URL: https://www.drupal.org/subscribe
 [warning] Removed disallowed Markdown link with URL: https://www.drupal.org/swag
 [warning] Removed disallowed Markdown link with URL: https://www.drupal.org/sustaining-members
 [warning] Removed disallowed Markdown link with URL: https://www.drupal.org/swag?utm_source=drupalorg&utm_medium=banner&utm_campaign=drupal_swag_shop_2020_09_17
 [warning] Removed disallowed Markdown link with URL: https://new.drupal.org/drupal-cms/trial
 [warning] Removed disallowed Markdown link with URL: https://forms.gle/BBiuni3o1KgUN9pMA
 [warning] Removed disallowed Markdown link with URL: https://www.drupal.org/about/11
 [warning] Removed disallowed Markdown link with URL: http://www.gnu.org/copyleft/gpl.html
 [warning] Removed disallowed Markdown link with URL: https://twitter.com/intent/tweet?text=Drupal's%20the%20content%20management%20system%20behind%20many%20of%20the%20digital%20experiences%20you%20love.%20And%20it%20will%20always%20be%20free.%20https://www.drupal.org/about
 [warning] Removed disallowed Markdown link with URL: https://twitter.com/intent/tweet?text=Drupal's%20the%20content%20management%20system%20behind%20many%20of%20the%20digital%20experiences%20you%20love.%20And%20it%20will%20always%20be%20free.%20https://www.drupal.org/about
 [warning] Removed disallowed Markdown link with URL: https://digital.gov/resources/content-management-systems-used-by-government-agencies/
 [warning] Removed disallowed Markdown link with URL: https://www.london.gov.uk/
 [warning] Removed disallowed Markdown link with URL: http://www.gouvernement.fr/
 [warning] Removed disallowed Markdown link with URL: http://www.bbc.com/
 [warning] Removed disallowed Markdown link with URL: http://www.nbc.com/
 [warning] Removed disallowed Markdown link with URL: http://www.mtv.co.uk/
 [warning] Removed disallowed Markdown link with URL: http://www.amnesty.org/
 [warning] Removed disallowed Markdown link with URL: http://www.ox.ac.uk/
 [warning] Removed disallowed Markdown link with URL: https://www.drupal.org/case-studies
 [warning] Removed disallowed Markdown link with URL: http://localize.drupal.org/
 [warning] Removed disallowed Markdown link with URL: https://jobs.drupal.org/
 [warning] Removed disallowed Markdown link with URL: https://www.drupal.org/news
 [warning] Removed disallowed Markdown link with URL: https://www.drupal.org/planet
 [warning] Removed disallowed Markdown link with URL: https://www.drupal.org/about/media-kit/social-media
 [warning] Removed disallowed Markdown link with URL: https://www.drupal.org/subscribe
 [warning] Removed disallowed Markdown link with URL: https://www.drupal.org/security
 [warning] Removed disallowed Markdown link with URL: https://jobs.drupal.org/
 [warning] Removed disallowed Markdown link with URL: https://www.drupal.org/community
 [warning] Removed disallowed Markdown link with URL: https://www.drupal.org/drupal-services
 [warning] Removed disallowed Markdown link with URL: https://www.drupal.org/training
 [warning] Removed disallowed Markdown link with URL: https://www.drupal.org/hosting
 [warning] Removed disallowed Markdown link with URL: https://www.drupal.org/community/contributor-guide
 [warning] Removed disallowed Markdown link with URL: https://groups.drupal.org/groups
 [warning] Removed disallowed Markdown link with URL: https://events.drupal.org
 [warning] Removed disallowed Markdown link with URL: https://www.drupal.org/dcoc
 [warning] Removed disallowed Markdown link with URL: https://www.drupal.org/documentation
 [warning] Removed disallowed Markdown link with URL: https://www.drupal.org/docs
 [warning] Removed disallowed Markdown link with URL: https://www.drupal.org/docs/user_guide/en/index.html
 [warning] Removed disallowed Markdown link with URL: https://www.drupal.org/documentation/develop
 [warning] Removed disallowed Markdown link with URL: https://api.drupal.org/
 [warning] Removed disallowed Markdown link with URL: https://www.drupal.org/download
 [warning] Removed disallowed Markdown link with URL: https://www.drupal.org/project/drupal
 [warning] Removed disallowed Markdown link with URL: https://www.drupal.org/project/project_module
 [warning] Removed disallowed Markdown link with URL: https://www.drupal.org/project/project_theme
 [warning] Removed disallowed Markdown link with URL: https://www.drupal.org/project/project_distribution
 [warning] Removed disallowed Markdown link with URL: https://www.drupal.org/about
 [warning] Removed disallowed Markdown link with URL: https://www.drupal.org/about/features/accessibility
 [warning] Removed disallowed Markdown link with URL: https://www.drupal.org/association
 [warning] Removed disallowed Markdown link with URL: https://www.drupal.org/drupalorg
 [warning] Removed disallowed Markdown link with URL: https://www.drupal.org/terms
 [warning] Removed disallowed Markdown link with URL: https://www.drupal.org/privacy
 [warning] Removed disallowed Markdown link with URL: https://dri.es
 [warning] file_put_contents(scratchpad/bench/results/outputs/bench_3_markdown_llm__small__r2__1788094088.md): Failed to open stream: No such file or directory harness.php:104
  bench_3_markdown_llm     small r2  completed    83.3s   2 calls  in=9832    out=9414   $0.17071
 [warning] Removed disallowed AI output URL: https://www.drupal.org/sites/all/themes/bluecheese/images/drupal_meta_image.png
 [warning] Removed disallowed AI output URL: https://www.drupal.org/about
 [warning] Removed disallowed AI output URL: https://www.drupal.org/node/2603760
 [warning] Removed disallowed AI output URL: https://www.drupal.org/about
 [warning] Removed disallowed AI output URL: https://www.drupal.org/terms
 [warning] Removed disallowed AI output URL: https://www.drupal.org/about/overview/technical
 [warning] Removed disallowed AI output URL: https://www.drupal.org/about/overview/technical
 [warning] Removed disallowed AI output URL: https://new.drupal.org/drupal-cms
 [warning] Removed disallowed AI output URL: https://new.drupal.org/ai
 [warning] Removed disallowed AI output URL: https://www.drupal.org/case-studies
 [warning] Removed disallowed AI output URL: https://www.drupal.org/industries/government
 [warning] Removed disallowed AI output URL: https://www.drupal.org/industries/education
 [warning] Removed disallowed AI output URL: https://www.drupal.org/industries/nonprofit
 [warning] Removed disallowed AI output URL: https://www.drupal.org/industries/ecommerce
 [warning] Removed disallowed AI output URL: https://www.drupal.org/industries/fintech
 [warning] Removed disallowed AI output URL: https://www.drupal.org/industries/healthcare
 [warning] Removed disallowed AI output URL: https://new.drupal.org/industries/enterprise
 [warning] Removed disallowed AI output URL: https://new.drupal.org/industries/retail
 [warning] Removed disallowed AI output URL: https://new.drupal.org/industries/travel
 [warning] Removed disallowed AI output URL: https://www.drupal.org/docs/official_docs/local-development-guide
 [warning] Removed disallowed AI output URL: https://www.drupal.org/docs/getting-started
 [warning] Removed disallowed AI output URL: https://www.drupal.org/docs/official_docs/local-development-guide
 [warning] Removed disallowed AI output URL: https://www.drupal.org/developers
 [warning] Removed disallowed AI output URL: https://new.drupal.org/docs/drupal-cms
 [warning] Removed disallowed AI output URL: https://www.drupal.org/docs/user_guide/en/index.html
 [warning] Removed disallowed AI output URL: https://api.drupal.org/api/drupal/11.x
 [warning] Removed disallowed AI output URL: https://www.drupal.org/project/modules
 [warning] Removed disallowed AI output URL: https://www.drupal.org/project/themes
 [warning] Removed disallowed AI output URL: https://www.drupal.org/browse/recipes
 [warning] Removed disallowed AI output URL: https://new.drupal.org/browse/site-templates
 [warning] Removed disallowed AI output URL: https://www.drupal.org/drupal-services
 [warning] Removed disallowed AI output URL: https://www.drupal.org/drupal-services
 [warning] Removed disallowed AI output URL: https://new.drupal.org/association/become-a-drupal-certified-partner
 [warning] Removed disallowed AI output URL: https://www.drupal.org/hosting
 [warning] Removed disallowed AI output URL: https://www.drupal.org/about/drupal-7/d7eol/migration-resource-center/enterprise
 [warning] Removed disallowed AI output URL: https://www.drupal.org/training
 [warning] Removed disallowed AI output URL: https://www.drupal.org/steward
 [warning] Removed disallowed AI output URL: https://www.drupal.org/community
 [warning] Removed disallowed AI output URL: https://www.drupal.org/community
 [warning] Removed disallowed AI output URL: https://www.drupal.org/community/contributor-guide
 [warning] Removed disallowed AI output URL: https://events.drupal.org/
 [warning] Removed disallowed AI output URL: https://www.drupal.org/community/events
 [warning] Removed disallowed AI output URL: https://jobs.drupal.org/home
 [warning] Removed disallowed AI output URL: https://www.drupal.org/blog
 [warning] Removed disallowed AI output URL: https://www.drupal.org/forum
 [warning] Removed disallowed AI output URL: https://www.drupal.org/subscribe
 [warning] Removed disallowed AI output URL: https://www.drupal.org/swag
 [warning] Removed disallowed AI output URL: https://www.drupal.org/sustaining-members 
 [warning] Removed disallowed AI output URL: https://www.drupal.org/swag?utm_source=drupalorg&utm_medium=banner&utm_campaign=drupal_swag_shop_2020_09_17
 [warning] Removed disallowed AI output URL: https://new.drupal.org/drupal-cms/trial
 [warning] Removed disallowed AI output URL: https://www.drupal.org/sites/all/themes/bluecheese/images/icon-w-user.svg
 [warning] Removed disallowed AI output URL: https://www.drupal.org/sites/all/modules/drupalorg/drupalorg/images/drupal-wordmark-062025.svg
 [warning] Removed disallowed AI output URL: https://www.drupal.org/files/styles/grid-2-2x-square/public/announcements/da-icon.png?itok=Uj8MTnv2
 [warning] Removed disallowed AI output URL: https://forms.gle/BBiuni3o1KgUN9pMA
 [warning] Removed disallowed AI output URL: https://www.drupal.org/about/11
 [warning] Removed disallowed AI output URL: http://www.gnu.org/copyleft/gpl.html
 [warning] Removed disallowed AI output URL: https://twitter.com/intent/tweet?text=Drupal's%20the%20content%20management%20system%20behind%20many%20of%20the%20digital%20experiences%20you%20love.%20And%20it%20will%20always%20be%20free.%20https://www.drupal.org/about
 [warning] Removed disallowed AI output URL: https://twitter.com/intent/tweet?text=Drupal's%20the%20content%20management%20system%20behind%20many%20of%20the%20digital%20experiences%20you%20love.%20And%20it%20will%20always%20be%20free.%20https://www.drupal.org/about
 [warning] Removed disallowed AI output URL: https://digital.gov/resources/content-management-systems-used-by-government-agencies/
 [warning] Removed disallowed AI output URL: https://www.london.gov.uk/
 [warning] Removed disallowed AI output URL: http://www.gouvernement.fr/
 [warning] Removed disallowed AI output URL: http://www.bbc.com/
 [warning] Removed disallowed AI output URL: http://www.nbc.com/
 [warning] Removed disallowed AI output URL: http://www.mtv.co.uk/
 [warning] Removed disallowed AI output URL: http://www.amnesty.org/
 [warning] Removed disallowed AI output URL: http://www.ox.ac.uk/
 [warning] Removed disallowed AI output URL: https://www.drupal.org/case-studies
 [warning] Removed disallowed AI output URL: http://localize.drupal.org/
 [warning] Removed disallowed AI output URL: https://jobs.drupal.org/
 [warning] Removed disallowed AI output URL: https://www.tag1.com/?utm_source=DA&utm_medium=referral&utm_campaign=drupal-org-footer
 [warning] Removed disallowed AI output URL: https://www.drupal.org/news
 [warning] Removed disallowed AI output URL: https://www.drupal.org/planet
 [warning] Removed disallowed AI output URL: https://www.drupal.org/about/media-kit/social-media
 [warning] Removed disallowed AI output URL: https://www.drupal.org/subscribe
 [warning] Removed disallowed AI output URL: https://www.drupal.org/security
 [warning] Removed disallowed AI output URL: https://jobs.drupal.org/
 [warning] Removed disallowed AI output URL: https://www.drupal.org/community
 [warning] Removed disallowed AI output URL: https://www.drupal.org/drupal-services
 [warning] Removed disallowed AI output URL: https://www.drupal.org/training
 [warning] Removed disallowed AI output URL: https://www.drupal.org/hosting
 [warning] Removed disallowed AI output URL: https://www.drupal.org/community/contributor-guide
 [warning] Removed disallowed AI output URL: https://groups.drupal.org/groups
 [warning] Removed disallowed AI output URL: https://events.drupal.org
 [warning] Removed disallowed AI output URL: https://www.drupal.org/dcoc
 [warning] Removed disallowed AI output URL: https://www.drupal.org/documentation
 [warning] Removed disallowed AI output URL: https://www.drupal.org/docs
 [warning] Removed disallowed AI output URL: https://www.drupal.org/docs/user_guide/en/index.html
 [warning] Removed disallowed AI output URL: https://www.drupal.org/documentation/develop
 [warning] Removed disallowed AI output URL: https://api.drupal.org/
 [warning] Removed disallowed AI output URL: https://www.drupal.org/download
 [warning] Removed disallowed AI output URL: https://www.drupal.org/project/drupal
 [warning] Removed disallowed AI output URL: https://www.drupal.org/project/project_module
 [warning] Removed disallowed AI output URL: https://www.drupal.org/project/project_theme
 [warning] Removed disallowed AI output URL: https://www.drupal.org/project/project_distribution
 [warning] Removed disallowed AI output URL: https://www.drupal.org/about
 [warning] Removed disallowed AI output URL: https://www.drupal.org/about/features/accessibility
 [warning] Removed disallowed AI output URL: https://www.drupal.org/association
 [warning] Removed disallowed AI output URL: https://www.drupal.org/drupalorg
 [warning] Removed disallowed AI output URL: https://www.drupal.org/terms
 [warning] Removed disallowed AI output URL: https://www.drupal.org/privacy
 [warning] Removed disallowed AI output URL: https://dri.es
 [warning] file_put_contents(scratchpad/bench/results/outputs/bench_4_ai_agent_tool__small__r2__1788094171.md): Failed to open stream: No such file or directory harness.php:104
  bench_4_ai_agent_tool    small r2  completed   226.6s   3 calls  in=54370   out=24118  $0.52488
 [error]  Drupal\Core\Database\DatabaseExceptionWrapper: SQLSTATE[40001]: Serialization failure: 1213 Deadlock found when trying to get lock; try restarting transaction: DELETE FROM "cache_entity" 
WHERE "cid" IN (:db_condition_placeholder_0); Array
(
    [:db_condition_placeholder_0] => values:flowdrop_memory_record:213
)
 in Drupal\Core\Cache\DatabaseBackend->deleteMultiple() (line 329 of /var/www/html/web/core/lib/Drupal/Core/Cache/DatabaseBackend.php). 
 [error]  Node conversation_buffer.2 execution failed after 0.126 seconds: SQLSTATE[40001]: Serialization failure: 1213 Deadlock found when trying to get lock; try restarting transaction: DELETE FROM "cache_entity" 
WHERE "cid" IN (:db_condition_placeholder_0); Array
(
    [:db_condition_placeholder_0] => values:flowdrop_memory_record:213
)
 
 [error]  Job 2051 failed: Node execution failed for conversation_buffer.2: SQLSTATE[40001]: Serialization failure: 1213 Deadlock found when trying to get lock; try restarting transaction: DELETE FROM "cache_entity" 
WHERE "cid" IN (:db_condition_placeholder_0); Array
(
    [:db_condition_placeholder_0] => values:flowdrop_memory_record:213
)
 
 [error]  StateGraph orchestration failed: Node execution failed for conversation_buffer.2: SQLSTATE[40001]: Serialization failure: 1213 Deadlock found when trying to get lock; try restarting transaction: DELETE FROM "cache_entity" 
WHERE "cid" IN (:db_condition_placeholder_0); Array
(
    [:db_condition_placeholder_0] => values:flowdrop_memory_record:213
)
 
 [error]  Job 2046 failed: Sub-workflow react_agent_with_tools failed: StateGraph orchestration failed: Node execution failed for conversation_buffer.2: SQLSTATE[40001]: Serialization failure: 1213 Deadlock found when trying to get lock; try restarting transaction: DELETE FROM "cache_entity" 
WHERE "cid" IN (:db_condition_placeholder_0); Array
(
    [:db_condition_placeholder_0] => values:flowdrop_memory_record:213
)
 
 [error]  Synchronous pipeline execution failed for pipeline 198: Sub-workflow react_agent_with_tools failed: StateGraph orchestration failed: Node execution failed for conversation_buffer.2: SQLSTATE[40001]: Serialization failure: 1213 Deadlock found when trying to get lock; try restarting transaction: DELETE FROM "cache_entity" 
WHERE "cid" IN (:db_condition_placeholder_0); Array
(
    [:db_condition_placeholder_0] => values:flowdrop_memory_record:213
)
 
 [error]  Execution failed for pipeline 198: Synchronous pipeline execution failed: Sub-workflow react_agent_with_tools failed: StateGraph orchestration failed: Node execution failed for conversation_buffer.2: SQLSTATE[40001]: Serialization failure: 1213 Deadlock found when trying to get lock; try restarting transaction: DELETE FROM "cache_entity" 
WHERE "cid" IN (:db_condition_placeholder_0); Array
(
    [:db_condition_placeholder_0] => values:flowdrop_memory_record:213
)
 (Drupal\flowdrop_runtime\Exception\OrchestrationException) 
  bench_5_react_agent      small r2  failed       57.1s   3 calls  in=31546   out=7178   $0.20231
 [warning] Cross-iteration data read on pipeline 206: job 2102 (node message_assemble.1, iteration 1) is satisfied by source node conversation_buffer.4 (job 2094, iteration 0) — an OLDER iteration than the consumer. Delivery is not gated (BR-6); logged for observability only.
 [warning] Cross-iteration data read on pipeline 206: job 2111 (node message_assemble.1, iteration 2) is satisfied by source node conversation_buffer.4 (job 2094, iteration 0) — an OLDER iteration than the consumer. Delivery is not gated (BR-6); logged for observability only.
 [warning] file_put_contents(scratchpad/bench/results/outputs/bench_5a_react_agent_naive__small__r2__1788094455.md): Failed to open stream: No such file or directory harness.php:104
  bench_5a_react_agent_naive small r2  completed    86.6s   4 calls  in=93423   out=3801   $0.33728
 [warning] file_put_contents(scratchpad/bench/results/outputs/bench_1_reference__medium__r2__1788094542.md): Failed to open stream: No such file or directory harness.php:104
  bench_1_reference        medium r2  completed     1.2s   0 calls  in=0       out=0      $0.00000
 [warning] Removed disallowed Markdown link with URL: https://cloud.ibm.com/docs/solution-tutorials?topic=solution-tutorials-lamp-stack-on-vpc
 [warning] Removed disallowed Markdown link with URL: https://www.ibm.com/topics/lamp-stack
 [warning] Removed disallowed Markdown link with URL: https://www.ibm.com/topics/containers
 [warning] Removed disallowed Markdown link with URL: https://www.ibm.com/topics/kubernetes
 [warning] file_put_contents(scratchpad/bench/results/outputs/bench_2_raw_html_llm__medium__r2__1788094543.md): Failed to open stream: No such file or directory harness.php:104
  bench_2_raw_html_llm     medium r2  completed    57.6s   2 calls  in=62708   out=4157   $0.25048
 [warning] Removed disallowed Markdown link with URL: https://cloud.ibm.com/docs/solution-tutorials?topic=solution-tutorials-lamp-stack-on-vpc
 [warning] Removed disallowed Markdown link with URL: https://www.ibm.com/topics/lamp-stack
 [warning] Removed disallowed Markdown link with URL: https://www.ibm.com/topics/containers
 [warning] Removed disallowed Markdown link with URL: https://www.ibm.com/topics/kubernetes
 [warning] file_put_contents(scratchpad/bench/results/outputs/bench_3_markdown_llm__medium__r2__1788094601.md): Failed to open stream: No such file or directory harness.php:104
  bench_3_markdown_llm     medium r2  completed    53.1s   1 calls  in=3502    out=2098   $0.04198
 [warning] Removed disallowed AI output URL: https://cloud.ibm.com/docs/solution-tutorials?topic=solution-tutorials-lamp-stack-on-vpc
 [warning] Removed disallowed AI output URL: https://www.ibm.com/topics/lamp-stack
 [warning] Removed disallowed AI output URL: https://www.ibm.com/topics/containers
 [warning] Removed disallowed AI output URL: https://www.ibm.com/topics/kubernetes
 [warning] Removed disallowed AI output URL: https://www.ibm.com/account/reg/signup?formid=urx-52060
 [warning] Removed disallowed AI output URL: https://www.ibm.com/products/cloud-pak-for-business-automation/content-services
 [warning] Removed disallowed AI output URL: https://www.ibm.com/products/filenet-content-manager
 [warning] Removed disallowed AI output URL: https://www.ibm.com/products/enterprise-records
 [warning] Removed disallowed AI output URL: https://www.ibm.com/consulting/hybrid-by-design
 [warning] Removed disallowed AI output URL: https://www.ibm.com/products/cloud-pak-for-business-automation/content-services
 [warning] Removed disallowed AI output URL: https://www.ibm.com/products/content-manager
 [warning] Removed disallowed AI output URL: https://www.ibm.com/products/ecm-system-monitor
 [warning] Removed disallowed AI output URL: https://www.ibm.com/solutions/enterprise-content-management
 [warning] Removed disallowed AI output URL: https://www.ibm.com/account/reg/signup?formid=urx-45706
 [warning] file_put_contents(scratchpad/bench/results/outputs/bench_4_ai_agent_tool__medium__r2__1788094654.md): Failed to open stream: No such file or directory harness.php:104
  bench_4_ai_agent_tool    medium r2  completed   113.9s   6 calls  in=263656  out=24380  $1.15667
 [warning] Cross-iteration data read on pipeline 220: job 2176 (node message_assemble.1, iteration 1) is satisfied by source node conversation_buffer.4 (job 2171, iteration 0) — an OLDER iteration than the consumer. Delivery is not gated (BR-6); logged for observability only.
 [warning] Removed disallowed AI output URL: https://www.ibm.com/think/cloud
 [warning] Removed disallowed AI output URL: https://cloud.ibm.com/docs/solution-tutorials?topic=solution-tutorials-lamp-stack-on-vpc
 [warning] Removed disallowed AI output URL: https://www.ibm.com/topics/lamp-stack
 [warning] Removed disallowed AI output URL: https://www.ibm.com/topics/containers
 [warning] Removed disallowed AI output URL: https://www.ibm.com/topics/kubernetes
 [warning] Cross-iteration data read on pipeline 220: job 2197 (node message_assemble.1, iteration 2) is satisfied by source node conversation_buffer.4 (job 2171, iteration 0) — an OLDER iteration than the consumer. Delivery is not gated (BR-6); logged for observability only.
 [warning] Removed disallowed Markdown link with URL: https://cloud.ibm.com/docs/solution-tutorials?topic=solution-tutorials-lamp-stack-on-vpc
 [warning] Removed disallowed Markdown link with URL: https://www.ibm.com/topics/lamp-stack
 [warning] Removed disallowed Markdown link with URL: https://www.ibm.com/topics/containers
 [warning] Removed disallowed Markdown link with URL: https://www.ibm.com/topics/kubernetes
 [warning] file_put_contents(scratchpad/bench/results/outputs/bench_5_react_agent__medium__r2__1788094768.md): Failed to open stream: No such file or directory harness.php:104
  bench_5_react_agent      medium r2  completed   137.6s   7 calls  in=285946  out=15674  $1.09295
 [warning] Cross-iteration data read on pipeline 225: job 2235 (node message_assemble.1, iteration 1) is satisfied by source node conversation_buffer.4 (job 2230, iteration 0) — an OLDER iteration than the consumer. Delivery is not gated (BR-6); logged for observability only.
 [warning] Removed disallowed AI output URL: https://cloud.ibm.com/docs/solution-tutorials?topic=solution-tutorials-lamp-stack-on-vpc
 [warning] Removed disallowed AI output URL: https://www.ibm.com/topics/lamp-stack
 [warning] Removed disallowed AI output URL: https://www.ibm.com/topics/containers
 [warning] Removed disallowed AI output URL: https://www.ibm.com/topics/kubernetes
 [warning] Cross-iteration data read on pipeline 225: job 2262 (node message_assemble.1, iteration 2) is satisfied by source node conversation_buffer.4 (job 2230, iteration 0) — an OLDER iteration than the consumer. Delivery is not gated (BR-6); logged for observability only.
 [warning] file_put_contents(scratchpad/bench/results/outputs/bench_5a_react_agent_naive__medium__r2__1788094906.md): Failed to open stream: No such file or directory harness.php:104
  bench_5a_react_agent_naive medium r2  completed   100.0s   5 calls  in=278829  out=9254   $0.97530
 [warning] file_put_contents(scratchpad/bench/results/outputs/bench_1_reference__large__r2__1788095006.md): Failed to open stream: No such file or directory harness.php:104
  bench_1_reference        large r2  completed     0.8s   0 calls  in=0       out=0      $0.00000
 [warning] Removed disallowed Markdown link with URL: https://en.wikipedia.org/wiki/Help:IPA/English
 [warning] Removed disallowed Markdown link with URL: https://en.wikipedia.org/wiki/Free_and_open-source
 [warning] Removed disallowed Markdown link with URL: https://en.wikipedia.org/wiki/Content_management_system
 [warning] Removed disallowed Markdown link with URL: https://en.wikipedia.org/wiki/PHP
 [warning] Removed disallowed Markdown link with URL: https://en.wikipedia.org/wiki/GNU_General_Public_License
 [warning] Removed disallowed Markdown link with URL: https://en.wikipedia.org/wiki/Front_and_back_ends
 [warning] Removed disallowed Markdown link with URL: https://en.wikipedia.org/wiki/World_Wide_Web
 [warning] Removed disallowed Markdown link with URL: https://en.wikipedia.org/wiki/Blog
 [warning] Removed disallowed Markdown link with URL: https://en.wikipedia.org/wiki/Knowledge_management
 [warning] Removed disallowed Markdown link with URL: https://en.wikipedia.org/wiki/Content_management_system
 [warning] Removed disallowed Markdown link with URL: https://en.wikipedia.org/wiki/RSS
 [warning] Removed disallowed Markdown link with URL: https://en.wikipedia.org/wiki/Internet_forum
 [warning] Removed disallowed Markdown link with URL: https://en.wikipedia.org/wiki/User-generated_content
 [warning] Removed disallowed Markdown link with URL: https://en.wikipedia.org/wiki/Web_application_framework
 [warning] Removed disallowed Markdown link with URL: https://en.wikipedia.org/wiki/Web_application_framework#Features
 [warning] Removed disallowed Markdown link with URL: https://en.wikipedia.org/wiki/Application_programming_interface
 [warning] Removed disallowed Markdown link with URL: https://en.wikipedia.org/wiki/Computing_platform
 [warning] Removed disallowed Markdown link with URL: https://en.wikipedia.org/wiki/Web_server
 [warning] Removed disallowed Markdown link with URL: https://en.wikipedia.org/wiki/Database
 [warning] Removed disallowed Markdown link with URL: https://en.wikipedia.org/wiki/Sovereign_Tech_Fund
 [warning] Removed disallowed Markdown link with URL: https://en.wikipedia.org/wiki/Digital_public_goods
 [warning] Removed disallowed Markdown link with URL: https://en.wikipedia.org/wiki/Dries_Buytaert
 [warning] Removed disallowed Markdown link with URL: https://en.wikipedia.org/wiki/Internet_forum
 [warning] Removed disallowed Markdown link with URL: https://en.wikipedia.org/wiki/University_of_Antwerp
 [warning] Removed disallowed Markdown link with URL: https://en.wikipedia.org/wiki/Ghent_University
 [warning] Removed disallowed Markdown link with URL: https://en.wikipedia.org/wiki/Dutch_language
 [warning] Removed disallowed Markdown link with URL: https://en.wiktionary.org/wiki/druppel
 [warning] Removed disallowed Markdown link with URL: https://en.wikipedia.org/wiki/Open-source_software
 [warning] Removed disallowed Markdown link with URL: https://en.wikipedia.org/wiki/Howard_Dean
 [warning] Removed disallowed Markdown link with URL: https://en.wikipedia.org/wiki/Democratic_Party_(United_States
 [warning] Removed disallowed Markdown link with URL: https://en.wikipedia.org/wiki/2004_United_States_presidential_election
 [warning] Removed disallowed Markdown link with URL: https://en.wikipedia.org/wiki/Packt
 [warning] Removed disallowed Markdown link with URL: https://en.wikipedia.org/wiki/Code_freeze
 [warning] Removed disallowed Markdown link with URL: https://en.wikipedia.org/wiki/Symfony
 [warning] Removed disallowed Markdown link with URL: https://en.wikipedia.org/wiki/Twig_(template_engine
 [warning] Removed disallowed Markdown link with URL: https://en.wikipedia.org/wiki/Composer_(software
 [warning] Removed disallowed Markdown link with URL: https://en.wikipedia.org/wiki/Headless_content_management_system
 [warning] Removed disallowed Markdown link with URL: https://en.wikipedia.org/wiki/United_Nations
 [warning] Removed disallowed Markdown link with URL: https://en.wikipedia.org/wiki/Digital_public_goods
 [warning] Removed disallowed Markdown link with URL: https://en.wikipedia.org/wiki/Symfony
 [warning] Removed disallowed Markdown link with URL: https://en.wikipedia.org/wiki/Taxonomy_(general
 [warning] Removed disallowed Markdown link with URL: https://en.wikipedia.org/wiki/Tag_(metadata
 [warning] Removed disallowed Markdown link with URL: https://en.wikipedia.org/wiki/Dries_Buytaert
 [warning] Removed disallowed Markdown link with URL: https://en.wikipedia.org/wiki/Artificial_intelligence
 [warning] Removed disallowed Markdown link with URL: https://en.wikipedia.org/wiki/Arabic_language
 [warning] Removed disallowed Markdown link with URL: https://en.wikipedia.org/wiki/Persian_language
 [warning] Removed disallowed Markdown link with URL: https://en.wikipedia.org/wiki/Hebrew_language
 [warning] Removed disallowed Markdown link with URL: https://en.wikipedia.org/wiki/Gettext
 [warning] Removed disallowed Markdown link with URL: https://en.wikipedia.org/wiki/Internationalization_and_localization
 [warning] Removed disallowed Markdown link with URL: https://en.wikipedia.org/wiki/Drush
 [warning] Removed disallowed Markdown link with URL: https://en.wikipedia.org/wiki/PHP_Data_Objects
 [warning] Removed disallowed Markdown link with URL: https://en.wikipedia.org/wiki/Microsoft
 [warning] Removed disallowed Markdown link with URL: https://en.wikipedia.org/wiki/Microsoft_SQL_Server
 [warning] Removed disallowed Markdown link with URL: https://en.wikipedia.org/wiki/SQLite
 [warning] Removed disallowed Markdown link with URL: https://en.wikipedia.org/wiki/Internet_Information_Services
 [warning] Removed disallowed Markdown link with URL: https://en.wikipedia.org/wiki/Web_accessibility
 [warning] Removed disallowed Markdown link with URL: https://en.wikipedia.org/wiki/Authoring_Tool_Accessibility_Guidelines
 [warning] Removed disallowed Markdown link with URL: https://en.wikipedia.org/wiki/Rich_web_applications
 [warning] Removed disallowed Markdown link with URL: https://en.wikipedia.org/wiki/WAI-ARIA
 [warning] Removed disallowed Markdown link with URL: https://en.wikipedia.org/wiki/Drag_and_drop
 [warning] Removed disallowed Markdown link with URL: https://en.wikipedia.org/wiki/Modular_programming
 [warning] Removed disallowed Markdown link with URL: https://en.wikipedia.org/wiki/Hooking
 [warning] Removed disallowed Markdown link with URL: https://en.wikipedia.org/wiki/Callback_(computer_programming
 [warning] Removed disallowed Markdown link with URL: https://en.wikipedia.org/wiki/API
 [warning] Removed disallowed Markdown link with URL: https://en.wikipedia.org/wiki/WYSIWYG
 [warning] Removed disallowed Markdown link with URL: https://en.wikipedia.org/wiki/Modular_programming
 [warning] Removed disallowed Markdown link with URL: https://en.wikipedia.org/wiki/Theme_(computing
 [warning] Removed disallowed Markdown link with URL: https://en.wikipedia.org/wiki/PHP
 [warning] Removed disallowed Markdown link with URL: https://en.wikipedia.org/wiki/Twig_(template_engine
 [warning] Removed disallowed Markdown link with URL: https://en.wikipedia.org/wiki/Template_engine_(web
 [warning] Removed disallowed Markdown link with URL: https://en.wikipedia.org/wiki/HTML
 [warning] Removed disallowed Markdown link with URL: https://en.wikipedia.org/wiki/CSS
 [warning] Removed disallowed Markdown link with URL: https://en.wikipedia.org/wiki/GNU_General_Public_License
 [warning] Removed disallowed Markdown link with URL: https://en.wikipedia.org/wiki/Online_store
 [warning] Removed disallowed Markdown link with URL: https://en.wikipedia.org/wiki/Presentation_Abstraction_Control
 [warning] Removed disallowed Markdown link with URL: https://en.wikipedia.org/wiki/Hypertext_Transfer_Protocol#HTTP_GET
 [warning] Removed disallowed Markdown link with URL: https://en.wikipedia.org/wiki/POST_(HTTP
 [warning] Removed disallowed Markdown link with URL: https://en.wikipedia.org/wiki/Community
 [warning] Removed disallowed Markdown link with URL: https://en.wikipedia.org/wiki/Szeged
 [warning] Removed disallowed Markdown link with URL: https://en.wikipedia.org/wiki/Meeting
 [warning] Removed disallowed Markdown link with URL: https://en.wikipedia.org/wiki/AMD
 [warning] Removed disallowed Markdown link with URL: https://en.wikipedia.org/wiki/Columbia_University
 [warning] Removed disallowed Markdown link with URL: https://en.wikipedia.org/wiki/European_Commission
 [warning] Removed disallowed Markdown link with URL: https://en.wikipedia.org/wiki/Johnson_&_Johnson
 [warning] Removed disallowed Markdown link with URL: https://en.wikipedia.org/wiki/McGill_University
 [warning] Removed disallowed Markdown link with URL: https://en.wikipedia.org/wiki/NASA
 [warning] Removed disallowed Markdown link with URL: https://en.wikipedia.org/wiki/NBC
 [warning] Removed disallowed Markdown link with URL: https://en.wikipedia.org/wiki/Nokia
 [warning] Removed disallowed Markdown link with URL: https://en.wikipedia.org/wiki/Olympic_Games
 [warning] Removed disallowed Markdown link with URL: https://en.wikipedia.org/wiki/Oxford
 [warning] Removed disallowed Markdown link with URL: https://en.wikipedia.org/wiki/Patch_Media
 [warning] Removed disallowed Markdown link with URL: https://en.wikipedia.org/wiki/Pfizer
 [warning] Removed disallowed Markdown link with URL: https://en.wikipedia.org/wiki/Princeton_University
 [warning] Removed disallowed Markdown link with URL: https://en.wikipedia.org/wiki/Qualcomm
 [warning] Removed disallowed Markdown link with URL: https://en.wikipedia.org/wiki/Rainforest_Alliance
 [warning] Removed disallowed Markdown link with URL: https://en.wikipedia.org/wiki/Smithsonian_Institution
 [warning] Removed disallowed Markdown link with URL: https://en.wikipedia.org/wiki/Taboola
 [warning] Removed disallowed Markdown link with URL: https://en.wikipedia.org/wiki/TSMC
 [warning] Removed disallowed Markdown link with URL: https://en.wikipedia.org/wiki/UNICEF
 [warning] Removed disallowed Markdown link with URL: https://en.wikipedia.org/wiki/Universal_Music_Group
 [warning] Removed disallowed Markdown link with URL: https://en.wikipedia.org/wiki/Visa_Inc.
 [warning] Removed disallowed Markdown link with URL: https://en.wikipedia.org/wiki/We_the_People_(petitioning_system
 [warning] Removed disallowed Markdown link with URL: https://en.wikipedia.org/wiki/SQL_injection
 [warning] Removed disallowed Markdown link with URL: https://en.wikipedia.org/wiki/Backdoor_(computing
 [warning] Removed disallowed Markdown link with URL: https://en.wikipedia.org/wiki/Exploit_(computer_security
 [warning] Removed disallowed Markdown link with URL: https://en.wikipedia.org/wiki/Backdrop_CMS
 [warning] Removed disallowed Markdown link with URL: https://en.wikipedia.org/wiki/List_of_content_management_systems
 [warning] Removed disallowed Markdown link with URL: https://www.drupal.org/
 [warning] file_put_contents(scratchpad/bench/results/outputs/bench_2_raw_html_llm__large__r2__1788095007.md): Failed to open stream: No such file or directory harness.php:104
  bench_2_raw_html_llm     large r2  completed   162.8s   8 calls  in=503224  out=31529  $1.98261
 [warning] Removed disallowed Markdown link with URL: //en.wikipedia.org/wiki/Wikipedia:Contact_us
 [warning] Removed disallowed Markdown link with URL: https://en.wikipedia.org/wiki/Help:IPA/English
 [warning] Removed disallowed Markdown link with URL: https://en.wikipedia.org/wiki/Free_and_open-source
 [warning] Removed disallowed Markdown link with URL: https://en.wikipedia.org/wiki/Content_management_system
 [warning] Removed disallowed Markdown link with URL: https://en.wikipedia.org/wiki/PHP
 [warning] Removed disallowed Markdown link with URL: https://en.wikipedia.org/wiki/GNU_General_Public_License
 [warning] Removed disallowed Markdown link with URL: https://en.wikipedia.org/wiki/Front_and_back_ends
 [warning] Removed disallowed Markdown link with URL: https://en.wikipedia.org/wiki/World_Wide_Web
 [warning] Removed disallowed Markdown link with URL: https://en.wikipedia.org/wiki/Blog
 [warning] Removed disallowed Markdown link with URL: https://en.wikipedia.org/wiki/Knowledge_management
 [warning] Removed disallowed Markdown link with URL: https://en.wikipedia.org/wiki/Content_management_system
 [warning] Removed disallowed Markdown link with URL: https://en.wikipedia.org/wiki/RSS
 [warning] Removed disallowed Markdown link with URL: https://en.wikipedia.org/wiki/Internet_forum
 [warning] Removed disallowed Markdown link with URL: https://en.wikipedia.org/wiki/User-generated_content
 [warning] Removed disallowed Markdown link with URL: https://en.wikipedia.org/wiki/Web_application_framework
 [warning] Removed disallowed Markdown link with URL: https://en.wikipedia.org/wiki/Web_application_framework#Features
 [warning] Removed disallowed Markdown link with URL: https://en.wikipedia.org/wiki/Application_programming_interface
 [warning] Removed disallowed Markdown link with URL: https://en.wikipedia.org/wiki/Computing_platform
 [warning] Removed disallowed Markdown link with URL: https://en.wikipedia.org/wiki/Web_server
 [warning] Removed disallowed Markdown link with URL: https://en.wikipedia.org/wiki/Database
 [warning] Removed disallowed Markdown link with URL: https://en.wikipedia.org/wiki/Sovereign_Tech_Fund
 [warning] Removed disallowed Markdown link with URL: https://en.wikipedia.org/wiki/Digital_public_goods
 [warning] Removed disallowed Markdown link with URL: https://en.wikipedia.org/wiki/Dries_Buytaert
 [warning] Removed disallowed Markdown link with URL: https://en.wikipedia.org/wiki/Internet_forum
 [warning] Removed disallowed Markdown link with URL: https://en.wikipedia.org/wiki/University_of_Antwerp
 [warning] Removed disallowed Markdown link with URL: https://en.wikipedia.org/wiki/Ghent_University
 [warning] Removed disallowed Markdown link with URL: https://en.wikipedia.org/wiki/Dutch_language
 [warning] Removed disallowed Markdown link with URL: https://en.wikipedia.org/wiki/Open-source_software
 [warning] Removed disallowed Markdown link with URL: https://en.wikipedia.org/wiki/Howard_Dean
 [warning] Removed disallowed Markdown link with URL: https://en.wikipedia.org/wiki/Democratic_Party_(United_States
 [warning] Removed disallowed Markdown link with URL: https://en.wikipedia.org/wiki/2004_United_States_presidential_election
 [warning] Removed disallowed Markdown link with URL: https://en.wikipedia.org/wiki/Packt
 [warning] Removed disallowed Markdown link with URL: https://en.wikipedia.org/wiki/Code_freeze
 [warning] Removed disallowed Markdown link with URL: https://en.wikipedia.org/wiki/Symfony
 [warning] Removed disallowed Markdown link with URL: https://en.wikipedia.org/wiki/Twig_(template_engine
 [warning] Removed disallowed Markdown link with URL: https://en.wikipedia.org/wiki/Composer_(software
 [warning] Removed disallowed Markdown link with URL: https://en.wikipedia.org/wiki/Headless_content_management_system
 [warning] Removed disallowed Markdown link with URL: https://en.wikipedia.org/wiki/United_Nations
 [warning] Removed disallowed Markdown link with URL: https://en.wikipedia.org/wiki/Digital_public_goods
 [warning] Removed disallowed Markdown link with URL: https://en.wikipedia.org/wiki/Symfony
 [warning] Removed disallowed Markdown link with URL: https://en.wikipedia.org/wiki/Taxonomy_(general
 [warning] Removed disallowed Markdown link with URL: https://en.wikipedia.org/wiki/Tag_(metadata
 [warning] Removed disallowed Markdown link with URL: https://en.wikipedia.org/wiki/Dries_Buytaert
 [warning] Removed disallowed Markdown link with URL: https://en.wikipedia.org/wiki/Artificial_intelligence
 [warning] Removed disallowed Markdown link with URL: https://en.wikipedia.org/wiki/Arabic_language
 [warning] Removed disallowed Markdown link with URL: https://en.wikipedia.org/wiki/Persian_language
 [warning] Removed disallowed Markdown link with URL: https://en.wikipedia.org/wiki/Hebrew_language
 [warning] Removed disallowed Markdown link with URL: https://en.wikipedia.org/wiki/Gettext
 [warning] Removed disallowed Markdown link with URL: https://en.wikipedia.org/wiki/Internationalization_and_localization
 [warning] Removed disallowed Markdown link with URL: https://en.wikipedia.org/wiki/Drush
 [warning] Removed disallowed Markdown link with URL: https://en.wikipedia.org/wiki/PHP_Data_Objects
 [warning] Removed disallowed Markdown link with URL: https://en.wikipedia.org/wiki/Microsoft
 [warning] Removed disallowed Markdown link with URL: https://en.wikipedia.org/wiki/Microsoft_SQL_Server
 [warning] Removed disallowed Markdown link with URL: https://en.wikipedia.org/wiki/SQLite
 [warning] Removed disallowed Markdown link with URL: https://en.wikipedia.org/wiki/Internet_Information_Services
 [warning] Removed disallowed Markdown link with URL: https://en.wikipedia.org/wiki/Web_accessibility
 [warning] Removed disallowed Markdown link with URL: https://en.wikipedia.org/wiki/Authoring_Tool_Accessibility_Guidelines
 [warning] Removed disallowed Markdown link with URL: https://en.wikipedia.org/wiki/Rich_web_applications
 [warning] Removed disallowed Markdown link with URL: https://en.wikipedia.org/wiki/WAI-ARIA
 [warning] Removed disallowed Markdown link with URL: https://en.wikipedia.org/wiki/Drag_and_drop
 [warning] Removed disallowed Markdown link with URL: https://en.wikipedia.org/wiki/Modular_programming
 [warning] Removed disallowed Markdown link with URL: https://en.wikipedia.org/wiki/Hooking
 [warning] Removed disallowed Markdown link with URL: https://en.wikipedia.org/wiki/Callback_(computer_programming
 [warning] Removed disallowed Markdown link with URL: https://en.wikipedia.org/wiki/API
 [warning] Removed disallowed Markdown link with URL: https://en.wikipedia.org/wiki/WYSIWYG
 [warning] Removed disallowed Markdown link with URL: https://en.wikipedia.org/wiki/Modular_programming
 [warning] Removed disallowed Markdown link with URL: https://en.wikipedia.org/wiki/Theme_(computing
 [warning] Removed disallowed Markdown link with URL: https://en.wikipedia.org/wiki/PHP
 [warning] Removed disallowed Markdown link with URL: https://en.wikipedia.org/wiki/Twig_(template_engine
 [warning] Removed disallowed Markdown link with URL: https://en.wikipedia.org/wiki/Template_engine_(web
 [warning] Removed disallowed Markdown link with URL: https://en.wikipedia.org/wiki/HTML
 [warning] Removed disallowed Markdown link with URL: https://en.wikipedia.org/wiki/CSS
 [warning] Removed disallowed Markdown link with URL: https://en.wikipedia.org/wiki/GNU_General_Public_License
 [warning] Removed disallowed Markdown link with URL: https://en.wikipedia.org/wiki/Online_store
 [warning] Removed disallowed Markdown link with URL: https://en.wikipedia.org/wiki/Presentation_Abstraction_Control
 [warning] Removed disallowed Markdown link with URL: https://en.wikipedia.org/wiki/Hypertext_Transfer_Protocol#HTTP_GET
 [warning] Removed disallowed Markdown link with URL: https://en.wikipedia.org/wiki/POST_(HTTP
 [warning] Removed disallowed Markdown link with URL: https://en.wikipedia.org/wiki/Community
 [warning] Removed disallowed Markdown link with URL: https://en.wikipedia.org/wiki/Szeged
 [warning] Removed disallowed Markdown link with URL: https://en.wikipedia.org/wiki/Meeting
 [warning] Removed disallowed Markdown link with URL: https://en.wikipedia.org/wiki/AMD
 [warning] Removed disallowed Markdown link with URL: https://en.wikipedia.org/wiki/Columbia_University
 [warning] Removed disallowed Markdown link with URL: https://en.wikipedia.org/wiki/European_Commission
 [warning] Removed disallowed Markdown link with URL: https://en.wikipedia.org/wiki/Johnson_&_Johnson
 [warning] Removed disallowed Markdown link with URL: https://en.wikipedia.org/wiki/McGill_University
 [warning] Removed disallowed Markdown link with URL: https://en.wikipedia.org/wiki/NASA
 [warning] Removed disallowed Markdown link with URL: https://en.wikipedia.org/wiki/NBC
 [warning] Removed disallowed Markdown link with URL: https://en.wikipedia.org/wiki/Nokia
 [warning] Removed disallowed Markdown link with URL: https://en.wikipedia.org/wiki/Olympic_Games
 [warning] Removed disallowed Markdown link with URL: https://en.wikipedia.org/wiki/Oxford
 [warning] Removed disallowed Markdown link with URL: https://en.wikipedia.org/wiki/Patch_Media
 [warning] Removed disallowed Markdown link with URL: https://en.wikipedia.org/wiki/Pfizer
 [warning] Removed disallowed Markdown link with URL: https://en.wikipedia.org/wiki/Princeton_University
 [warning] Removed disallowed Markdown link with URL: https://en.wikipedia.org/wiki/Qualcomm
 [warning] Removed disallowed Markdown link with URL: https://en.wikipedia.org/wiki/Rainforest_Alliance
 [warning] Removed disallowed Markdown link with URL: https://en.wikipedia.org/wiki/Smithsonian_Institution
 [warning] Removed disallowed Markdown link with URL: https://en.wikipedia.org/wiki/Taboola
 [warning] Removed disallowed Markdown link with URL: https://en.wikipedia.org/wiki/TSMC
 [warning] Removed disallowed Markdown link with URL: https://en.wikipedia.org/wiki/UNICEF
 [warning] Removed disallowed Markdown link with URL: https://en.wikipedia.org/wiki/Universal_Music_Group
 [warning] Removed disallowed Markdown link with URL: https://en.wikipedia.org/wiki/Visa_Inc.
 [warning] Removed disallowed Markdown link with URL: https://en.wikipedia.org/wiki/We_the_People_(petitioning_system
 [warning] Removed disallowed Markdown link with URL: https://en.wikipedia.org/wiki/SQL_injection
 [warning] Removed disallowed Markdown link with URL: https://en.wikipedia.org/wiki/Backdoor_(computing
 [warning] Removed disallowed Markdown link with URL: https://en.wikipedia.org/wiki/Exploit_(computer_security
 [warning] Removed disallowed Markdown link with URL: https://en.wikipedia.org/wiki/Backdrop_CMS
 [warning] Removed disallowed Markdown link with URL: https://en.wikipedia.org/wiki/List_of_content_management_systems
 [warning] Removed disallowed Markdown link with URL: https://api.drupal.org/api/drupal/core%21CHANGELOG.txt/8.0.x
 [warning] Removed disallowed Markdown link with URL: https://www.drupal.org/project/drupal/releases/11.4.1
 [warning] Removed disallowed Markdown link with URL: http://drupal.org/licensing/faq
 [warning] Removed disallowed Markdown link with URL: https://drupal.org/node/394746
 [warning] Removed disallowed Markdown link with URL: http://drupal.org/node/265726
 [warning] Removed disallowed Markdown link with URL: http://drupal.org/requirements
 [warning] Removed disallowed Markdown link with URL: https://trends.builtwith.com/shop/open-source/traffic/Top-10k
 [warning] Removed disallowed Markdown link with URL: https://w3techs.com/technologies/overview/content_management
 [warning] Removed disallowed Markdown link with URL: https://archive.org/details/Css3TheFutureIsNow
 [warning] Removed disallowed Markdown link with URL: https://drupal.org/node/7888
 [warning] Removed disallowed Markdown link with URL: https://www.drupal.org/about/media-kit/drupal-9
 [warning] Removed disallowed Markdown link with URL: https://www.drupal.org/getting-involved
 [warning] Removed disallowed Markdown link with URL: https://www.drupal.org/node/2110205
 [warning] Removed disallowed Markdown link with URL: https://www.drupal.org/developers
 [warning] Removed disallowed Markdown link with URL: https://www.drupal.org/project/project_module
 [warning] Removed disallowed Markdown link with URL: https://www.drupal.org/project/project_theme
 [warning] Removed disallowed Markdown link with URL: https://www.drupal.org/project/project_distribution
 [warning] Removed disallowed Markdown link with URL: http://munich2012.drupal.org/program/sessions/drupal-7-enterprise-web-application-framework.html
 [warning] Removed disallowed Markdown link with URL: http://radar.oreilly.com/2014/08/the-drupal-api-turns-a-cms-into-a-true-enterprise-application.html
 [warning] Removed disallowed Markdown link with URL: https://www.linuxjournal.com/content/drupal-framework-why-everyone-needs-understand
 [warning] Removed disallowed Markdown link with URL: http://drupal.org/features
 [warning] Removed disallowed Markdown link with URL: https://www.sovereign.tech/tech/drupal
 [warning] Removed disallowed Markdown link with URL: https://www.thedroptimes.com/36766/drupal-association-receives-300000-sovereign-tech-fund-contract
 [warning] Removed disallowed Markdown link with URL: https://www.thedroptimes.com/29997/drupal-now-digital-public-good
 [warning] Removed disallowed Markdown link with URL: https://drupalhistory.org
 [warning] Removed disallowed Markdown link with URL: https://www.drupal.org/project/drupal/releases/10.6.2
 [warning] Removed disallowed Markdown link with URL: https://www.drupal.org/project/drupal/releases?version=7
 [warning] Removed disallowed Markdown link with URL: https://www.drupal.org/project/drupal/releases?version=9
 [warning] Removed disallowed Markdown link with URL: https://www.drupal.org/project/drupal/releases?version=8
 [warning] Removed disallowed Markdown link with URL: https://www.drupal.org/project/drupal/releases?version=6
 [warning] Removed disallowed Markdown link with URL: https://www.drupal.org/project/drupal/releases?version=5
 [warning] Removed disallowed Markdown link with URL: https://www.drupal.org/project/drupal/releases?version=4
 [warning] Removed disallowed Markdown link with URL: https://git.drupalcode.org/project/drupal/-/tree/3.0.0
 [warning] Removed disallowed Markdown link with URL: https://git.drupalcode.org/project/drupal/-/tree/2.0
 [warning] Removed disallowed Markdown link with URL: https://git.drupalcode.org/project/drupal/-/tree/1.0
 [warning] Removed disallowed Markdown link with URL: https://techcrunch.com/2021/01/22/drupals-journey-from-dorm-room-project-to-billion-dollar-exit/
 [warning] Removed disallowed Markdown link with URL: https://www.growthbusiness.co.uk/dorm-room-to-boardroom-2098958/
 [warning] Removed disallowed Markdown link with URL: https://web.archive.org/web/20090413040840/http://translation.babylon.com/Dutch/to-English/druppel
 [warning] Removed disallowed Markdown link with URL: http://drupal.org/node/769
 [warning] Removed disallowed Markdown link with URL: https://web.archive.org/web/20060517024656/http://www.oreillynet.com/onlamp/blog/2006/05/digital_politics_an_interview.html
 [warning] Removed disallowed Markdown link with URL: http://culturedigitally.org/2012/03/dean-romney-and-drupal-values-and-technological-adoption
 [warning] Removed disallowed Markdown link with URL: https://www.nytimes.com/2003/12/07/magazine/the-dean-connection.html
 [warning] Removed disallowed Markdown link with URL: http://drupal.org/drupal-services/all
 [warning] Removed disallowed Markdown link with URL: http://groups.drupal.org/node/1980
 [warning] Removed disallowed Markdown link with URL: http://buytaert.net/drupal-download-statistics-2008
 [warning] Removed disallowed Markdown link with URL: http://buytaert.net/drupal-download-statistics-2007
 [warning] Removed disallowed Markdown link with URL: https://drupal.org/project/usage/drupal
 [warning] Removed disallowed Markdown link with URL: http://buytaert.net/tag/drupal-sites?page=27
 [warning] Removed disallowed Markdown link with URL: https://web.archive.org/web/20091224162949/http://engineindustries.com/blog/jason/list-nonprofit-npo-ngo-websites-using-drupal
 [warning] Removed disallowed Markdown link with URL: https://cmscritic.com/empowering-higher-ed-4-strategies-to-transform-your-drupal-cms-into-an-open-source-dxp-at-scale
 [warning] Removed disallowed Markdown link with URL: https://web.archive.org/web/20090707094004/http://www.packtpub.com/open-source-cms-award-previous-winners
 [warning] Removed disallowed Markdown link with URL: http://drupal.org/Drupal-2009-webware-100-winner
 [warning] Removed disallowed Markdown link with URL: https://news.cnet.com/8301-13546_109-10237630-29.html?tag=mncol
 [warning] Removed disallowed Markdown link with URL: https://www.drupal.org/forum/general/news-and-announcements/2008-02-13/drupal-60-released
 [warning] Removed disallowed Markdown link with URL: http://buytaert.net/drupal-7-code-freeze-september-1st
 [warning] Removed disallowed Markdown link with URL: http://buytaert.net/drupal-7-to-be-released-on-january-5th-with-one-ginormous-party
 [warning] Removed disallowed Markdown link with URL: http://www.scoop.co.nz/stories/SC1012/S00048/xplain-hosting-drupal-7-quickstart-training-seminar.htm
 [warning] Removed disallowed Markdown link with URL: https://www.drupal.org/psa-2022-02-23
 [warning] Removed disallowed Markdown link with URL: https://www.drupal.org/psa-2023-06-07
 [warning] Removed disallowed Markdown link with URL: https://opensource.com/article/20/2/drupal-8-promises
 [warning] Removed disallowed Markdown link with URL: https://www.drupal.org/blog/drupal-800-released
 [warning] Removed disallowed Markdown link with URL: https://www.drupal.org/blog/drupal-9-released
 [warning] Removed disallowed Markdown link with URL: https://www.drupal.org/docs/getting-started/understanding-drupal/how-drupal-9-was-made-and-what-is-included
 [warning] Removed disallowed Markdown link with URL: https://www.techtarget.com/searchcontentmanagement/news/252526460/Acquia-releases-open-source-headless-CMS-accelerator
 [warning] Removed disallowed Markdown link with URL: https://thenewstack.io/how-drupal-fits-into-an-increasingly-headless-cms-world/
 [warning] Removed disallowed Markdown link with URL: https://web.archive.org/web/20250122115304/https://www.drupal.org/association/blog/drupal-officially-achieves-recognition-as-a-digital-public-good
 [warning] Removed disallowed Markdown link with URL: http://drupal.org/node/144376
 [warning] Removed disallowed Markdown link with URL: https://www.drupal.org/docs/core-modules-and-themes
 [warning] Removed disallowed Markdown link with URL: https://www.lnwebworks.com/Insight/5-modules-to-integrate-ecommerce-with-drupal-website
 [warning] Removed disallowed Markdown link with URL: https://www.drupal.org/docs/multisite-drupal
 [warning] Removed disallowed Markdown link with URL: http://drupal.org/node/91964
 [warning] Removed disallowed Markdown link with URL: http://drupal.org/handbook/modules/color
 [warning] Removed disallowed Markdown link with URL: https://statescoop.com/drupal-starshot-state-government-2024/
 [warning] Removed disallowed Markdown link with URL: https://www.techzine.eu/news/applications/127906/drupal-launches-no-code-cms/
 [warning] Removed disallowed Markdown link with URL: https://www.thedroptimes.com/42308/why-it-drupal-cms-and-not-drupal-explainer
 [warning] Removed disallowed Markdown link with URL: https://www.thedroptimes.com/interview/45813/drupal-power-flexibility-freedom-and-now-smarter-with-ai
 [warning] Removed disallowed Markdown link with URL: https://www.thedroptimes.com/events/40731/recipes-starshot-and-future-drupal
 [warning] Removed disallowed Markdown link with URL: https://localize.drupal.org/translate/downloads
 [warning] Removed disallowed Markdown link with URL: https://www.datasciencecentral.com/reasons-why-you-need-to-integrate-your-drupal-hosting-with-cloudways/
 [warning] Removed disallowed Markdown link with URL: http://drupal.org/drupal-6.0
 [warning] Removed disallowed Markdown link with URL: https://www.drupal.org/SA-CORE-2014-005
 [warning] Removed disallowed Markdown link with URL: https://www.drupal.org/PSA-2014-003
 [warning] Removed disallowed Markdown link with URL: http://groups.drupal.org/drupal-windows
 [warning] Removed disallowed Markdown link with URL: http://drupal.org/about/accessibility
 [warning] Removed disallowed Markdown link with URL: https://www.drupal.org/docs/8/accessibility/drupal-8-accessibility-features
 [warning] Removed disallowed Markdown link with URL: http://drupal.org/core-gates#accessibility
 [warning] Removed disallowed Markdown link with URL: http://api.drupal.org/
 [warning] Removed disallowed Markdown link with URL: http://drupal.org/node/22283
 [warning] Removed disallowed Markdown link with URL: https://www.specbee.com/blogs/symphony2-components-drupal-8-integration-every-drupaler-must-know-about
 [warning] Removed disallowed Markdown link with URL: https://www.srijan.net/solutions/drupal-camunda-bpm-integration
 [warning] Removed disallowed Markdown link with URL: https://drupal.org/project/usage
 [warning] Removed disallowed Markdown link with URL: https://web.archive.org/web/20170704050410/http://www.psdtodrupaldeveloper.com/blog/why-upgrade-from-drupal-5-to-drupal-7
 [warning] Removed disallowed Markdown link with URL: http://drupal.org/node/361849
 [warning] Removed disallowed Markdown link with URL: https://www.drupal.org/community-initiatives/drupal-core/vdc-roadmap
 [warning] Removed disallowed Markdown link with URL: https://web.archive.org/web/20090308030334/http://drupal.org/phptemplate
 [warning] Removed disallowed Markdown link with URL: https://web.archive.org/web/20090316205154/http://drupal.org/node/6493
 [warning] Removed disallowed Markdown link with URL: https://www.securityweek.com/drupal-updates-patch-vulnerability-twig-template-engine
 [warning] Removed disallowed Markdown link with URL: http://drupal.org/node/15689#comment-25704
 [warning] Removed disallowed Markdown link with URL: https://web.archive.org/web/20070823232913/http://drupal.org/project/Themes
 [warning] Removed disallowed Markdown link with URL: http://drupal.org/node/14208
 [warning] Removed disallowed Markdown link with URL: https://web.archive.org/web/20140413154924/http://www.aglobalway.com/content/top-drupal-distributions
 [warning] Removed disallowed Markdown link with URL: http://www.garfieldtech.com/blog/mvc-vs-pac
 [warning] Removed disallowed Markdown link with URL: https://maansoftwares.com/blog/drupal/drupal-cms-grew-overnight
 [warning] Removed disallowed Markdown link with URL: http://groups.drupal.org/node/17870
 [warning] Removed disallowed Markdown link with URL: http://buildamodule.com/drupal-camps-calendar
 [warning] Removed disallowed Markdown link with URL: http://drupal.org/language-specific-communities
 [warning] Removed disallowed Markdown link with URL: https://talkingdrupal.com/384
 [warning] Removed disallowed Markdown link with URL: https://www.zyxware.com/article/16-organization-websites-built-using-drupal-in-2022
 [warning] Removed disallowed Markdown link with URL: https://www.searchenginejournal.com/drupal-warns-of-two-critical-vulnerabilities/446913/
 [warning] Removed disallowed Markdown link with URL: https://www.earthdata.nasa.gov/esds/competitive-programs/access/drupal-central
 [warning] Removed disallowed Markdown link with URL: https://www.techtarget.com/searchcustomerexperience/news/252498311/Acquia-digital-experience-platform-adds-CX-friendly-tools
 [warning] Removed disallowed Markdown link with URL: https://www.computable.be/artikel/nieuws/management/7423245/5440850/tobania-trekt-cm-binnen-met-dries-buytaert.html
 [warning] Removed disallowed Markdown link with URL: https://smartbees.co/blog/who-uses-drupal-10-famous-drupal-websites
 [warning] Removed disallowed Markdown link with URL: https://makeawebsitehub.com/compare/content-management-system-cms-comparison/
 [warning] Removed disallowed Markdown link with URL: https://drupal.org/security-team
 [warning] Removed disallowed Markdown link with URL: https://drupal.org/security-team/report-issue
 [warning] Removed disallowed Markdown link with URL: http://drupal.org/documentation/modules/update
 [warning] Removed disallowed Markdown link with URL: http://drupal.org/security
 [warning] Removed disallowed Markdown link with URL: http://drupal.org/security-team
 [warning] Removed disallowed Markdown link with URL: http://drupal.org/security/rss.xml
 [warning] Removed disallowed Markdown link with URL: https://www.theregister.com/2014/11/03/drupal_drupalgeddon_analysis/
 [warning] Removed disallowed Markdown link with URL: https://www.drupal.org/SA-CORE-2014-005
 [warning] Removed disallowed Markdown link with URL: https://web.archive.org/web/20160611201911/http://www.drop-guard.net/blog/drupalgeddon-panama-papers
 [warning] Removed disallowed Markdown link with URL: https://www.drupal.org/PSA-2014-003
 [warning] Removed disallowed Markdown link with URL: https://web.archive.org/web/20160818211205/https://gcn.com/blogs/cybereye/2014/11/open-source-attacks.aspx
 [warning] Removed disallowed Markdown link with URL: https://dropsolid.com/en/blog/how-we-installed-drupal-security-patch-1300-sites-stress-free
 [warning] Removed disallowed Markdown link with URL: https://groups.drupal.org/security/faq-2018-002
 [warning] Removed disallowed Markdown link with URL: https://www.drupal.org/forum/general/news-and-announcements/2015-11-09/drupal-6-end-of-life-announcement
 [warning] Removed disallowed Markdown link with URL: https://arstechnica.com/information-technology/2018/04/drupalgeddon2-touches-off-arms-race-to-mass-exploit-powerful-web-servers/
 [warning] Removed disallowed Markdown link with URL: https://duo.com/decipher/drupal-patches-arbitrary-file-upload-flaw
 [warning] Removed disallowed Markdown link with URL: https://www.drupal.org/sa-core-2019-009
 [warning] Removed disallowed Markdown link with URL: https://www.searchenginejournal.com/drupal-critical-vulnerability/466647/
 [warning] Removed disallowed Markdown link with URL: https://www.securityweek.com/drupal-patches-vulnerabilities-leading-information-disclosure
 [warning] Removed disallowed Markdown link with URL: https://www.drupal.org/
  bench_3_markdown_llm     large r2  completed   315.8s   8 calls  in=256506  out=28127  $1.19142
 [warning] file_put_contents(scratchpad/bench/results/outputs/bench_3_markdown_llm__large__r2__1788095170.md): Failed to open stream: No such file or directory harness.php:104
 [warning] Removed disallowed AI output URL: https://en.wikipedia.org/wiki/Free_and_open-source
 [warning] Removed disallowed AI output URL: https://en.wikipedia.org/wiki/Content_management_system
 [warning] Removed disallowed AI output URL: https://en.wikipedia.org/wiki/PHP
 [warning] Removed disallowed AI output URL: https://en.wikipedia.org/wiki/GNU_General_Public_License
[31mFailed to run drush php:script scratchpad/bench/harness.php -- scratchpad/bench/results 3: exit status 143[0m
